New York Rangers,Philadelphia Flyers,246
New York Rangers,Pittsburgh Penguins,184
New York Rangers,New York Islanders,177
New York Rangers,New Jersey Devils,171
New York Rangers,Washington Capitals,156
New York Rangers,Boston Bruins,153
New York Rangers,Montreal Canadiens,136
New York Rangers,Toronto Maple Leafs,117
New York Rangers,Chicago Blackhawks,98
New York Rangers,Detroit Red Wings,93
San Jose Sharks,Anaheim Ducks,108
San Jose Sharks,Los Angeles Kings,94
San Jose Sharks,Vancouver Canucks,81
San Jose Sharks,Edmonton Oilers,75
San Jose Sharks,Chicago Blackhawks,70
San Jose Sharks,Calgary Flames,59
San Jose Sharks,Dallas Stars,58
San Jose Sharks,Arizona Coyotes,56
San Jose Sharks,St Louis Blues,55
San Jose Sharks,Columbus Blue Jackets,40
Philadelphia Flyers,New York Rangers,246
Philadelphia Flyers,Washington Capitals,234
Philadelphia Flyers,Pittsburgh Penguins,230
Philadelphia Flyers,New York Islanders,229
Philadelphia Flyers,New Jersey Devils,181
Philadelphia Flyers,Boston Bruins,169
Philadelphia Flyers,Toronto Maple Leafs,146
Philadelphia Flyers,Los Angeles Kings,130
Philadelphia Flyers,Buffalo Sabres,119
Philadelphia Flyers,Montreal Canadiens,118
Ottawa Senators,Montreal Canadiens,84
Ottawa Senators,Boston Bruins,82
Ottawa Senators,Toronto Maple Leafs,75
Ottawa Senators,Buffalo Sabres,73
Ottawa Senators,Florida Panthers,70
Ottawa Senators,Philadelphia Flyers,65
Ottawa Senators,Tampa Bay Lightning,63
Ottawa Senators,Pittsburgh Penguins,50
Ottawa Senators,New York Islanders,45
Ottawa Senators,Washington Capitals,44
New York Islanders,Philadelphia Flyers,232
New York Islanders,New York Rangers,181
New York Islanders,Pittsburgh Penguins,171
New York Islanders,New Jersey Devils,158
New York Islanders,Washington Capitals,131
New York Islanders,Buffalo Sabres,102
New York Islanders,Boston Bruins,97
New York Islanders,Toronto Maple Leafs,92
New York Islanders,Vancouver Canucks,80
New York Islanders,Detroit Red Wings,75
New Jersey Devils,Philadelphia Flyers,180
New Jersey Devils,New York Rangers,169
New Jersey Devils,New York Islanders,160
New Jersey Devils,Washington Capitals,123
New Jersey Devils,Pittsburgh Penguins,117
New Jersey Devils,Boston Bruins,84
New Jersey Devils,Buffalo Sabres,78
New Jersey Devils,Toronto Maple Leafs,71
New Jersey Devils,Tampa Bay Lightning,64
New Jersey Devils,Chicago Blackhawks,56
Nashville Predators,Chicago Blackhawks,59
Nashville Predators,Columbus Blue Jackets,53
Nashville Predators,Anaheim Ducks,49
Nashville Predators,St Louis Blues,48
Nashville Predators,Calgary Flames,45
Nashville Predators,Dallas Stars,43
Nashville Predators,Vancouver Canucks,43
Nashville Predators,San Jose Sharks,40
Nashville Predators,Minnesota Wild,38
Nashville Predators,Colorado Avalanche,37
Montreal Canadiens,Boston Bruins,302
Montreal Canadiens,Buffalo Sabres,166
Montreal Canadiens,Toronto Maple Leafs,141
Montreal Canadiens,New York Rangers,136
Montreal Canadiens,Philadelphia Flyers,115
Montreal Canadiens,Chicago Blackhawks,109
Montreal Canadiens,Quebec Nordiques,108
Montreal Canadiens,Hartford Whalers,107
Montreal Canadiens,Ottawa Senators,84
Montreal Canadiens,Vancouver Canucks,83
Minnesota Wild,Vancouver Canucks,65
Minnesota Wild,Calgary Flames,53
Minnesota Wild,Edmonton Oilers,46
Minnesota Wild,Colorado Avalanche,43
Minnesota Wild,Anaheim Ducks,38
Minnesota Wild,Nashville Predators,38
Minnesota Wild,St Louis Blues,37
Minnesota Wild,Columbus Blue Jackets,35
Minnesota Wild,Chicago Blackhawks,29
Minnesota Wild,Dallas Stars,27
Los Angeles Kings,Vancouver Canucks,215
Los Angeles Kings,Edmonton Oilers,182
Los Angeles Kings,Calgary Flames,171
Los Angeles Kings,Chicago Blackhawks,137
Los Angeles Kings,Philadelphia Flyers,129
Los Angeles Kings,St Louis Blues,128
Los Angeles Kings,Anaheim Ducks,110
Los Angeles Kings,Toronto Maple Leafs,99
Los Angeles Kings,Detroit Red Wings,98
Los Angeles Kings,San Jose Sharks,90
Florida Panthers,Tampa Bay Lightning,99
Florida Panthers,Philadelphia Flyers,81
Florida Panthers,Boston Bruins,75
Florida Panthers,Ottawa Senators,69
Florida Panthers,New York Islanders,65
Florida Panthers,Buffalo Sabres,63
Florida Panthers,Montreal Canadiens,56
Florida Panthers,New York Rangers,50
Florida Panthers,Washington Capitals,47
Florida Panthers,New Jersey Devils,47
Edmonton Oilers,Calgary Flames,264
Edmonton Oilers,Los Angeles Kings,183
Edmonton Oilers,Vancouver Canucks,180
Edmonton Oilers,Winnipeg Jets,91
Edmonton Oilers,St Louis Blues,91
Edmonton Oilers,Chicago Blackhawks,85
Edmonton Oilers,San Jose Sharks,76
Edmonton Oilers,Detroit Red Wings,72
Edmonton Oilers,Colorado Avalanche,70
Edmonton Oilers,Boston Bruins,68
Detroit Red Wings,Toronto Maple Leafs,243
Detroit Red Wings,Chicago Blackhawks,241
Detroit Red Wings,St Louis Blues,205
Detroit Red Wings,Minnesota North Stars,136
Detroit Red Wings,Boston Bruins,114
Detroit Red Wings,Philadelphia Flyers,105
Detroit Red Wings,New York Rangers,98
Detroit Red Wings,Los Angeles Kings,97
Detroit Red Wings,Vancouver Canucks,84
Detroit Red Wings,Calgary Flames,82
Dallas Stars,St Louis Blues,88
Dallas Stars,Anaheim Ducks,83
Dallas Stars,Chicago Blackhawks,73
Dallas Stars,Los Angeles Kings,70
Dallas Stars,Edmonton Oilers,65
Dallas Stars,Arizona Coyotes,61
Dallas Stars,San Jose Sharks,57
Dallas Stars,Calgary Flames,46
Dallas Stars,Colorado Avalanche,46
Dallas Stars,Nashville Predators,43
Columbus Blue Jackets,St Louis Blues,70
Columbus Blue Jackets,Calgary Flames,53
Columbus Blue Jackets,Nashville Predators,53
Columbus Blue Jackets,Chicago Blackhawks,53
Columbus Blue Jackets,Colorado Avalanche,44
Columbus Blue Jackets,Anaheim Ducks,43
Columbus Blue Jackets,San Jose Sharks,40
Columbus Blue Jackets,Arizona Coyotes,39
Columbus Blue Jackets,Minnesota Wild,36
Columbus Blue Jackets,Edmonton Oilers,34
Colorado Avalanche,Vancouver Canucks,81
Colorado Avalanche,Edmonton Oilers,70
Colorado Avalanche,Calgary Flames,69
Colorado Avalanche,St Louis Blues,66
Colorado Avalanche,Anaheim Ducks,61
Colorado Avalanche,Los Angeles Kings,59
Colorado Avalanche,Chicago Blackhawks,53
Colorado Avalanche,Dallas Stars,47
Colorado Avalanche,Columbus Blue Jackets,44
Colorado Avalanche,Minnesota Wild,43
Chicago Blackhawks,St Louis Blues,286
Chicago Blackhawks,Detroit Red Wings,237
Chicago Blackhawks,Toronto Maple Leafs,216
Chicago Blackhawks,Minnesota North Stars,150
Chicago Blackhawks,Vancouver Canucks,144
Chicago Blackhawks,Los Angeles Kings,144
Chicago Blackhawks,Boston Bruins,119
Chicago Blackhawks,Montreal Canadiens,107
Chicago Blackhawks,New York Rangers,100
Chicago Blackhawks,Philadelphia Flyers,97
Carolina Hurricanes,Florida Panthers,39
Carolina Hurricanes,Washington Capitals,36
Carolina Hurricanes,New Jersey Devils,34
Carolina Hurricanes,Boston Bruins,34
Carolina Hurricanes,Ottawa Senators,33
Carolina Hurricanes,Philadelphia Flyers,31
Carolina Hurricanes,Pittsburgh Penguins,30
Carolina Hurricanes,New York Rangers,29
Carolina Hurricanes,Tampa Bay Lightning,28
Carolina Hurricanes,Toronto Maple Leafs,26
Calgary Flames,Edmonton Oilers,265
Calgary Flames,Vancouver Canucks,216
Calgary Flames,Los Angeles Kings,171
Calgary Flames,Anaheim Ducks,108
Calgary Flames,St Louis Blues,105
Calgary Flames,Winnipeg Jets,105
Calgary Flames,Chicago Blackhawks,84
Calgary Flames,Detroit Red Wings,83
Calgary Flames,Toronto Maple Leafs,69
Calgary Flames,Colorado Avalanche,67
Buffalo Sabres,Boston Bruins,234
Buffalo Sabres,Montreal Canadiens,166
Buffalo Sabres,Toronto Maple Leafs,122
Buffalo Sabres,Quebec Nordiques,121
Buffalo Sabres,Philadelphia Flyers,119
Buffalo Sabres,Hartford Whalers,103
Buffalo Sabres,New York Islanders,101
Buffalo Sabres,Pittsburgh Penguins,89
Buffalo Sabres,New York Rangers,82
Buffalo Sabres,New Jersey Devils,79
Boston Bruins,Montreal Canadiens,302
Boston Bruins,Buffalo Sabres,236
Boston Bruins,Toronto Maple Leafs,185
Boston Bruins,Philadelphia Flyers,168
Boston Bruins,New York Rangers,152
Boston Bruins,Hartford Whalers,142
Boston Bruins,Quebec Nordiques,141
Boston Bruins,Pittsburgh Penguins,126
Boston Bruins,Chicago Blackhawks,122
Boston Bruins,Detroit Red Wings,115
Arizona Coyotes,Anaheim Ducks,75
Arizona Coyotes,Dallas Stars,61
Arizona Coyotes,Los Angeles Kings,60
Arizona Coyotes,San Jose Sharks,57
Arizona Coyotes,Calgary Flames,51
Arizona Coyotes,St Louis Blues,48
Arizona Coyotes,Chicago Blackhawks,46
Arizona Coyotes,Vancouver Canucks,45
Arizona Coyotes,Edmonton Oilers,43
Arizona Coyotes,Colorado Avalanche,43
Anaheim Ducks,Los Angeles Kings,110
Anaheim Ducks,Calgary Flames,108
Anaheim Ducks,San Jose Sharks,107
Anaheim Ducks,Dallas Stars,83
Anaheim Ducks,Chicago Blackhawks,81
Anaheim Ducks,Arizona Coyotes,75
Anaheim Ducks,St Louis Blues,72
Anaheim Ducks,Vancouver Canucks,62
Anaheim Ducks,Colorado Avalanche,61
Anaheim Ducks,Edmonton Oilers,59
Winnipeg Jets,Colorado Avalanche,18
Winnipeg Jets,Minnesota Wild,15
Winnipeg Jets,Nashville Predators,14
Winnipeg Jets,Boston Bruins,14
Winnipeg Jets,Dallas Stars,13
Winnipeg Jets,Tampa Bay Lightning,13
Winnipeg Jets,Pittsburgh Penguins,12
Winnipeg Jets,Toronto Maple Leafs,11
Winnipeg Jets,Ottawa Senators,11
Winnipeg Jets,Edmonton Oilers,10
Vegas Golden Knights,Anaheim Ducks,8
Vegas Golden Knights,Colorado Avalanche,6
Vegas Golden Knights,Nashville Predators,5
Vegas Golden Knights,San Jose Sharks,4
Vegas Golden Knights,New York Islanders,3
Vegas Golden Knights,Winnipeg Jets,3
Vegas Golden Knights,Minnesota Wild,3
Vegas Golden Knights,St Louis Blues,3
Vegas Golden Knights,Vancouver Canucks,3
Vegas Golden Knights,Ottawa Senators,3
Vancouver Canucks,Calgary Flames,214
Vancouver Canucks,Los Angeles Kings,212
Vancouver Canucks,Edmonton Oilers,179
Vancouver Canucks,Chicago Blackhawks,146
Vancouver Canucks,Winnipeg Jets,139
Vancouver Canucks,St Louis Blues,119
Vancouver Canucks,Toronto Maple Leafs,105
Vancouver Canucks,Philadelphia Flyers,93
Vancouver Canucks,Detroit Red Wings,86
Vancouver Canucks,Montreal Canadiens,82
Toronto Maple Leafs,Detroit Red Wings,244
Toronto Maple Leafs,Chicago Blackhawks,210
Toronto Maple Leafs,Boston Bruins,184
Toronto Maple Leafs,St Louis Blues,172
Toronto Maple Leafs,Philadelphia Flyers,143
Toronto Maple Leafs,Montreal Canadiens,140
Toronto Maple Leafs,Minnesota North Stars,124
Toronto Maple Leafs,Buffalo Sabres,124
Toronto Maple Leafs,Pittsburgh Penguins,119
Toronto Maple Leafs,New York Rangers,119
Tampa Bay Lightning,Florida Panthers,100
Tampa Bay Lightning,New York Islanders,66
Tampa Bay Lightning,Ottawa Senators,65
Tampa Bay Lightning,New Jersey Devils,64
Tampa Bay Lightning,Philadelphia Flyers,63
Tampa Bay Lightning,New York Rangers,61
Tampa Bay Lightning,Boston Bruins,59
Tampa Bay Lightning,Washington Capitals,57
Tampa Bay Lightning,Montreal Canadiens,52
Tampa Bay Lightning,Pittsburgh Penguins,49
St Louis Blues,Chicago Blackhawks,285
St Louis Blues,Detroit Red Wings,206
St Louis Blues,Toronto Maple Leafs,170
St Louis Blues,Los Angeles Kings,128
St Louis Blues,Vancouver Canucks,119
St Louis Blues,Philadelphia Flyers,114
St Louis Blues,Minnesota North Stars,113
St Louis Blues,Calgary Flames,107
St Louis Blues,Boston Bruins,95
St Louis Blues,Edmonton Oilers,94
Washington Capitals,Philadelphia Flyers,230
Washington Capitals,Pittsburgh Penguins,158
Washington Capitals,New York Rangers,158
Washington Capitals,New York Islanders,130
Washington Capitals,New Jersey Devils,121
Washington Capitals,Boston Bruins,111
Washington Capitals,Detroit Red Wings,80
Washington Capitals,Toronto Maple Leafs,79
Washington Capitals,Montreal Canadiens,78
Washington Capitals,Buffalo Sabres,66
Seattle Kraken,Vancouver Canucks,5
Seattle Kraken,Anaheim Ducks,3
Seattle Kraken,New Jersey Devils,3
Seattle Kraken,Vegas Golden Knights,3
Seattle Kraken,San Jose Sharks,2
Seattle Kraken,Calgary Flames,2
Seattle Kraken,Philadelphia Flyers,2
Seattle Kraken,Los Angeles Kings,2
Seattle Kraken,Chicago Blackhawks,2
Seattle Kraken,Edmonton Oilers,2
Pittsburgh Penguins,Philadelphia Flyers,231
Pittsburgh Penguins,New York Rangers,182
Pittsburgh Penguins,New York Islanders,169
Pittsburgh Penguins,Washington Capitals,161
Pittsburgh Penguins,Boston Bruins,121
Pittsburgh Penguins,New Jersey Devils,116
Pittsburgh Penguins,Toronto Maple Leafs,114
Pittsburgh Penguins,Buffalo Sabres,92
Pittsburgh Penguins,St Louis Blues,79
Pittsburgh Penguins,Vancouver Canucks,78
Chicago Wolves,Rockford IceHogs,120
Chicago Wolves,Milwaukee Admirals,115
Chicago Wolves,San Antonio Rampage,78
Chicago Wolves,Grand Rapids Griffins,75
Chicago Wolves,Houston Aeros,58
Chicago Wolves,Peoria Rivermen,54
Chicago Wolves,Iowa Wild,50
Chicago Wolves,Cleveland Monsters,41
Chicago Wolves,Hamilton Bulldogs,25
Chicago Wolves,Iowa Chops,22
Grand Rapids Griffins,Milwaukee Admirals,88
Grand Rapids Griffins,Cleveland Monsters,76
Grand Rapids Griffins,Chicago Wolves,74
Grand Rapids Griffins,Rockford IceHogs,67
Grand Rapids Griffins,Hamilton Bulldogs,59
Grand Rapids Griffins,Houston Aeros,51
Grand Rapids Griffins,Rochester Americans,49
Grand Rapids Griffins,Manitoba Moose,43
Grand Rapids Griffins,Toronto Marlies,42
Grand Rapids Griffins,San Antonio Rampage,37
Hartford Wolf Pack,Providence Bruins,193
Hartford Wolf Pack,Springfield Falcons,171
Hartford Wolf Pack,Bridgeport Sound Tigers,166
Hartford Wolf Pack,Manchester Monarchs,104
Hartford Wolf Pack,Portland Pirates,92
Hartford Wolf Pack,Lehigh Valley Phantoms,65
Hartford Wolf Pack,Norfolk Admirals,56
Hartford Wolf Pack,Worcester Sharks,50
Hartford Wolf Pack,Wilkes-Barre Scranton Penguins,49
Hartford Wolf Pack,Hershey Bears,46
Hershey Bears,Wilkes-Barre Scranton Penguins,184
Hershey Bears,Lehigh Valley Phantoms,180
Hershey Bears,Binghamton Senators,124
Hershey Bears,Norfolk Admirals,121
Hershey Bears,Syracuse Crunch,77
Hershey Bears,Bridgeport Sound Tigers,73
Hershey Bears,Albany River Rats,65
Hershey Bears,Hartford Wolf Pack,45
Hershey Bears,Providence Bruins,42
Hershey Bears,Rochester Americans,40
Milwaukee Admirals,Chicago Wolves,113
Milwaukee Admirals,Rockford IceHogs,113
Milwaukee Admirals,Grand Rapids Griffins,86
Milwaukee Admirals,Houston Aeros,65
Milwaukee Admirals,San Antonio Rampage,60
Milwaukee Admirals,Cleveland Monsters,56
Milwaukee Admirals,Iowa Wild,45
Milwaukee Admirals,Peoria Rivermen,44
Milwaukee Admirals,Manitoba Moose,33
Milwaukee Admirals,Utah Grizzlies,32
Lehigh Valley Phantoms,Hershey Bears,182
Lehigh Valley Phantoms,Wilkes-Barre Scranton Penguins,163
Lehigh Valley Phantoms,Norfolk Admirals,126
Lehigh Valley Phantoms,Binghamton Senators,116
Lehigh Valley Phantoms,Bridgeport Sound Tigers,85
Lehigh Valley Phantoms,Albany River Rats,67
Lehigh Valley Phantoms,Hartford Wolf Pack,66
Lehigh Valley Phantoms,Syracuse Crunch,57
Lehigh Valley Phantoms,Albany Devils,56
Lehigh Valley Phantoms,Manchester Monarchs,31
Providence Bruins,Hartford Wolf Pack,190
Providence Bruins,Portland Pirates,154
Providence Bruins,Springfield Falcons,132
Providence Bruins,Bridgeport Sound Tigers,109
Providence Bruins,Manchester Monarchs,108
Providence Bruins,Worcester Sharks,95
Providence Bruins,Wilkes-Barre Scranton Penguins,45
Providence Bruins,Hershey Bears,42
Providence Bruins,Lowell Lock Monsters,41
Providence Bruins,Norfolk Admirals,36
Rochester Americans,Syracuse Crunch,209
Rochester Americans,Binghamton Senators,107
Rochester Americans,Hamilton Bulldogs,96
Rochester Americans,Toronto Marlies,74
Rochester Americans,Manitoba Moose,59
Rochester Americans,Grand Rapids Griffins,50
Rochester Americans,Cleveland Monsters,45
Rochester Americans,Hershey Bears,39
Rochester Americans,Utica Comets,31
Rochester Americans,Albany River Rats,31
Syracuse Crunch,Rochester Americans,209
Syracuse Crunch,Binghamton Senators,152
Syracuse Crunch,Wilkes-Barre Scranton Penguins,128
Syracuse Crunch,Albany River Rats,77
Syracuse Crunch,Hershey Bears,76
Syracuse Crunch,Hamilton Bulldogs,63
Syracuse Crunch,Albany Devils,60
Syracuse Crunch,Lehigh Valley Phantoms,59
Syracuse Crunch,Toronto Marlies,58
Syracuse Crunch,Utica Comets,53
Wilkes-Barre Scranton Penguins,Hershey Bears,184
Wilkes-Barre Scranton Penguins,Lehigh Valley Phantoms,161
Wilkes-Barre Scranton Penguins,Norfolk Admirals,156
Wilkes-Barre Scranton Penguins,Syracuse Crunch,127
Wilkes-Barre Scranton Penguins,Binghamton Senators,122
Wilkes-Barre Scranton Penguins,Bridgeport Sound Tigers,83
Wilkes-Barre Scranton Penguins,Hartford Wolf Pack,49
Wilkes-Barre Scranton Penguins,Providence Bruins,45
Wilkes-Barre Scranton Penguins,Albany River Rats,44
Wilkes-Barre Scranton Penguins,Portland Pirates,40
Toronto Marlies,Hamilton Bulldogs,103
Toronto Marlies,Rochester Americans,73
Toronto Marlies,Syracuse Crunch,61
Toronto Marlies,Cleveland Monsters,57
Toronto Marlies,Manitoba Moose,49
Toronto Marlies,Grand Rapids Griffins,42
Toronto Marlies,Abbotsford Heat,32
Toronto Marlies,Binghamton Senators,26
Toronto Marlies,Hartford Wolf Pack,24
Toronto Marlies,St. John's IceCaps,19
Rockford IceHogs,Chicago Wolves,122
Rockford IceHogs,Milwaukee Admirals,113
Rockford IceHogs,Peoria Rivermen,77
Rockford IceHogs,Grand Rapids Griffins,68
Rockford IceHogs,Iowa Wild,56
Rockford IceHogs,San Antonio Rampage,46
Rockford IceHogs,Cleveland Monsters,43
Rockford IceHogs,Texas Stars,38
Rockford IceHogs,Houston Aeros,31
Rockford IceHogs,Quad City Flames,27
Cleveland Monsters,Grand Rapids Griffins,77
Cleveland Monsters,Hamilton Bulldogs,64
Cleveland Monsters,Toronto Marlies,57
Cleveland Monsters,Milwaukee Admirals,56
Cleveland Monsters,Rochester Americans,45
Cleveland Monsters,Rockford IceHogs,43
Cleveland Monsters,Chicago Wolves,41
Cleveland Monsters,San Antonio Rampage,33
Cleveland Monsters,Syracuse Crunch,30
Cleveland Monsters,Charlotte Checkers,28
Texas Stars,San Antonio Rampage,77
Texas Stars,Rockford IceHogs,37
Texas Stars,Houston Aeros,34
Texas Stars,Oklahoma City Barons,33
Texas Stars,Milwaukee Admirals,28
Texas Stars,Grand Rapids Griffins,25
Texas Stars,Abbotsford Heat,23
Texas Stars,Peoria Rivermen,22
Texas Stars,Cleveland Monsters,22
Texas Stars,Chicago Wolves,20
Charlotte Checkers,Norfolk Admirals,43
Charlotte Checkers,Milwaukee Admirals,31
Charlotte Checkers,Iowa Wild,30
Charlotte Checkers,Cleveland Monsters,29
Charlotte Checkers,Oklahoma City Barons,28
Charlotte Checkers,Rockford IceHogs,24
Charlotte Checkers,San Antonio Rampage,21
Charlotte Checkers,Chicago Wolves,19
Charlotte Checkers,Hartford Wolf Pack,18
Charlotte Checkers,Hershey Bears,17
Iowa Wild,Rockford IceHogs,56
Iowa Wild,Chicago Wolves,52
Iowa Wild,Milwaukee Admirals,46
Iowa Wild,Charlotte Checkers,31
Iowa Wild,Grand Rapids Griffins,27
Iowa Wild,Manitoba Moose,27
Iowa Wild,Cleveland Monsters,17
Iowa Wild,Texas Stars,17
Iowa Wild,Tucson Roadrunners,11
Iowa Wild,San Antonio Rampage,9
Bakersfield Condors,Ontario Reign,29
Bakersfield Condors,San Diego Gulls,25
Bakersfield Condors,San Jose Barracuda,24
Bakersfield Condors,Stockton Heat,19
Bakersfield Condors,Colorado Eagles,10
Bakersfield Condors,Manitoba Moose,9
Bakersfield Condors,Texas Stars,8
Bakersfield Condors,Tucson Roadrunners,8
Bakersfield Condors,Iowa Wild,6
Bakersfield Condors,Henderson Silver Knights,6
Ontario Reign,San Diego Gulls,60
Ontario Reign,Stockton Heat,39
Ontario Reign,Bakersfield Condors,29
Ontario Reign,Tucson Roadrunners,25
Ontario Reign,San Jose Barracuda,23
Ontario Reign,Colorado Eagles,14
Ontario Reign,Charlotte Checkers,13
Ontario Reign,San Antonio Rampage,9
Ontario Reign,Henderson Silver Knights,7
Ontario Reign,Texas Stars,6
San Diego Gulls,Ontario Reign,60
San Diego Gulls,San Jose Barracuda,39
San Diego Gulls,Stockton Heat,27
San Diego Gulls,Bakersfield Condors,26
San Diego Gulls,Tucson Roadrunners,24
San Diego Gulls,Colorado Eagles,13
San Diego Gulls,Abbotsford Canucks,9
San Diego Gulls,Texas Stars,9
San Diego Gulls,Henderson Silver Knights,8
San Diego Gulls,Manitoba Moose,8
San Jose Barracuda,Stockton Heat,45
San Jose Barracuda,San Diego Gulls,39
San Jose Barracuda,Bakersfield Condors,24
San Jose Barracuda,Tucson Roadrunners,23
San Jose Barracuda,Ontario Reign,22
San Jose Barracuda,Henderson Silver Knights,15
San Jose Barracuda,Texas Stars,10
San Jose Barracuda,Colorado Eagles,9
San Jose Barracuda,Iowa Wild,8
San Jose Barracuda,Abbotsford Canucks,5
Manitoba Moose,Milwaukee Admirals,27
Manitoba Moose,Iowa Wild,26
Manitoba Moose,Rockford IceHogs,22
Manitoba Moose,Cleveland Monsters,21
Manitoba Moose,Grand Rapids Griffins,20
Manitoba Moose,Chicago Wolves,16
Manitoba Moose,San Antonio Rampage,15
Manitoba Moose,Texas Stars,12
Manitoba Moose,Belleville Senators,10
Manitoba Moose,Charlotte Checkers,9
Tucson Roadrunners,Ontario Reign,25
Tucson Roadrunners,San Diego Gulls,24
Tucson Roadrunners,San Jose Barracuda,23
Tucson Roadrunners,Colorado Eagles,20
Tucson Roadrunners,Stockton Heat,15
Tucson Roadrunners,Texas Stars,11
Tucson Roadrunners,Iowa Wild,11
Tucson Roadrunners,Bakersfield Condors,8
Tucson Roadrunners,Coachella Valley Firebirds,6
Tucson Roadrunners,Henderson Silver Knights,5
Springfield Thunderbirds,Bridgeport Sound Tigers,33
Springfield Thunderbirds,Providence Bruins,33
Springfield Thunderbirds,Hartford Wolf Pack,22
Springfield Thunderbirds,Lehigh Valley Phantoms,15
Springfield Thunderbirds,Charlotte Checkers,12
Springfield Thunderbirds,Wilkes-Barre Scranton Penguins,9
Springfield Thunderbirds,Bridgeport Islanders,8
Springfield Thunderbirds,Hershey Bears,8
Springfield Thunderbirds,Utica Comets,6
Springfield Thunderbirds,Binghamton Devils,5
Belleville Senators,Laval Rocket,24
Belleville Senators,Toronto Marlies,18
Belleville Senators,Syracuse Crunch,14
Belleville Senators,Utica Comets,12
Belleville Senators,Manitoba Moose,9
Belleville Senators,Binghamton Devils,8
Belleville Senators,Rochester Americans,8
Belleville Senators,Cleveland Monsters,7
Belleville Senators,Providence Bruins,4
Belleville Senators,Hartford Wolf Pack,3
Laval Rocket,Belleville Senators,25
Laval Rocket,Toronto Marlies,17
Laval Rocket,Utica Comets,14
Laval Rocket,Syracuse Crunch,10
Laval Rocket,Rochester Americans,8
Laval Rocket,Manitoba Moose,8
Laval Rocket,Providence Bruins,6
Laval Rocket,Cleveland Monsters,6
Laval Rocket,Stockton Heat,5
Laval Rocket,Charlotte Checkers,5
Colorado Eagles,Tucson Roadrunners,20
Colorado Eagles,Ontario Reign,14
Colorado Eagles,San Diego Gulls,13
Colorado Eagles,Bakersfield Condors,10
Colorado Eagles,Stockton Heat,9
Colorado Eagles,San Jose Barracuda,9
Colorado Eagles,Milwaukee Admirals,7
Colorado Eagles,Henderson Silver Knights,7
Colorado Eagles,Texas Stars,5
Colorado Eagles,Iowa Wild,5
Utica Comets,Syracuse Crunch,51
Utica Comets,Rochester Americans,30
Utica Comets,Toronto Marlies,19
Utica Comets,Cleveland Monsters,18
Utica Comets,Binghamton Senators,16
Utica Comets,Albany Devils,15
Utica Comets,Laval Rocket,14
Utica Comets,Wilkes-Barre Scranton Penguins,14
Utica Comets,Belleville Senators,13
Utica Comets,Hartford Wolf Pack,12
Cincinnati Cyclones,Wheeling Nailers,96
Cincinnati Cyclones,Kalamazoo Wings,87
Cincinnati Cyclones,Indy Fuel,56
Cincinnati Cyclones,Toledo Walleye,53
Cincinnati Cyclones,Fort Wayne Komets,50
Cincinnati Cyclones,Elmira Jackals,47
Cincinnati Cyclones,Reading Royals,44
Cincinnati Cyclones,Trenton Titans,43
Cincinnati Cyclones,Johnstown Chiefs,40
Cincinnati Cyclones,Dayton Bombers,27
Florida Everblades,Atlanta Gladiators,96
Florida Everblades,South Carolina Stingrays,88
Florida Everblades,Orlando Solar Bears,86
Florida Everblades,Greenville Swamp Rabbits,68
Florida Everblades,Jacksonville IceMen,57
Florida Everblades,Charlotte Checkers,53
Florida Everblades,Pensacola Ice Pilots,25
Florida Everblades,Augusta Lynx,24
Florida Everblades,Reading Royals,23
Florida Everblades,Norfolk Admirals,22
Reading Royals,Wheeling Nailers,116
Reading Royals,Elmira Jackals,101
Reading Royals,Trenton Titans,77
Reading Royals,Johnstown Chiefs,43
Reading Royals,Dayton Bombers,42
Reading Royals,Cincinnati Cyclones,42
Reading Royals,Adirondack Thunder,33
Reading Royals,Toledo Storm,26
Reading Royals,Toledo Walleye,23
Reading Royals,Florida Everblades,23
South Carolina Stingrays,Atlanta Gladiators,103
South Carolina Stingrays,Greenville Swamp Rabbits,93
South Carolina Stingrays,Florida Everblades,89
South Carolina Stingrays,Charlotte Checkers,61
South Carolina Stingrays,Orlando Solar Bears,40
South Carolina Stingrays,Jacksonville IceMen,35
South Carolina Stingrays,Norfolk Admirals,30
South Carolina Stingrays,Columbia Inferno,23
South Carolina Stingrays,Elmira Jackals,23
South Carolina Stingrays,Augusta Lynx,23
Wheeling Nailers,Reading Royals,117
Wheeling Nailers,Cincinnati Cyclones,95
Wheeling Nailers,Elmira Jackals,86
Wheeling Nailers,Toledo Walleye,77
Wheeling Nailers,Fort Wayne Komets,46
Wheeling Nailers,Johnstown Chiefs,41
Wheeling Nailers,Trenton Titans,41
Wheeling Nailers,Dayton Bombers,41
Wheeling Nailers,Kalamazoo Wings,39
Wheeling Nailers,Indy Fuel,28
Atlanta Gladiators,South Carolina Stingrays,101
Atlanta Gladiators,Florida Everblades,99
Atlanta Gladiators,Greenville Swamp Rabbits,79
Atlanta Gladiators,Charlotte Checkers,48
Atlanta Gladiators,Orlando Solar Bears,44
Atlanta Gladiators,Mississippi Sea Wolves,27
Atlanta Gladiators,Norfolk Admirals,26
Atlanta Gladiators,Augusta Lynx,23
Atlanta Gladiators,Jacksonville IceMen,22
Atlanta Gladiators,Greenville Grrrowl,19
Idaho Steelheads,Utah Grizzlies,151
Idaho Steelheads,Stockton Thunder,91
Idaho Steelheads,Alaska Aces,74
Idaho Steelheads,Las Vegas Wranglers,67
Idaho Steelheads,Bakersfield Condors,65
Idaho Steelheads,Colorado Eagles,61
Idaho Steelheads,Rapid City Rush,53
Idaho Steelheads,Phoenix Roadrunners,52
Idaho Steelheads,Victoria Salmon Kings,48
Idaho Steelheads,Ontario Reign,47
Utah Grizzlies,Idaho Steelheads,152
Utah Grizzlies,Stockton Thunder,111
Utah Grizzlies,Alaska Aces,91
Utah Grizzlies,Rapid City Rush,71
Utah Grizzlies,Colorado Eagles,66
Utah Grizzlies,Las Vegas Wranglers,66
Utah Grizzlies,Bakersfield Condors,60
Utah Grizzlies,Ontario Reign,52
Utah Grizzlies,Victoria Salmon Kings,38
Utah Grizzlies,Phoenix Roadrunners,33
Toledo Walleye,Wheeling Nailers,76
Toledo Walleye,Kalamazoo Wings,67
Toledo Walleye,Cincinnati Cyclones,53
Toledo Walleye,Fort Wayne Komets,43
Toledo Walleye,Elmira Jackals,29
Toledo Walleye,Reading Royals,23
Toledo Walleye,Indy Fuel,21
Toledo Walleye,Evansville IceMen,19
Toledo Walleye,Florida Everblades,18
Toledo Walleye,Trenton Titans,18
Kalamazoo Wings,Cincinnati Cyclones,87
Kalamazoo Wings,Fort Wayne Komets,69
Kalamazoo Wings,Toledo Walleye,68
Kalamazoo Wings,Wheeling Nailers,42
Kalamazoo Wings,Elmira Jackals,26
Kalamazoo Wings,Greenville Swamp Rabbits,18
Kalamazoo Wings,Indy Fuel,17
Kalamazoo Wings,Florida Everblades,12
Kalamazoo Wings,South Carolina Stingrays,11
Kalamazoo Wings,Reading Royals,11
Greenville Swamp Rabbits,South Carolina Stingrays,94
Greenville Swamp Rabbits,Atlanta Gladiators,79
Greenville Swamp Rabbits,Florida Everblades,68
Greenville Swamp Rabbits,Orlando Solar Bears,56
Greenville Swamp Rabbits,Jacksonville IceMen,26
Greenville Swamp Rabbits,Wheeling Nailers,21
Greenville Swamp Rabbits,Kalamazoo Wings,18
Greenville Swamp Rabbits,Cincinnati Cyclones,18
Greenville Swamp Rabbits,Norfolk Admirals,17
Greenville Swamp Rabbits,Toledo Walleye,17
Fort Wayne Komets,Kalamazoo Wings,69
Fort Wayne Komets,Indy Fuel,66
Fort Wayne Komets,Cincinnati Cyclones,51
Fort Wayne Komets,Wheeling Nailers,46
Fort Wayne Komets,Toledo Walleye,44
Fort Wayne Komets,Evansville IceMen,32
Fort Wayne Komets,Quad City Mallards,17
Fort Wayne Komets,Iowa Heartlanders,14
Fort Wayne Komets,Atlanta Gladiators,11
Fort Wayne Komets,Orlando Solar Bears,10
Orlando Solar Bears,Florida Everblades,83
Orlando Solar Bears,Greenville Swamp Rabbits,56
Orlando Solar Bears,Atlanta Gladiators,44
Orlando Solar Bears,South Carolina Stingrays,41
Orlando Solar Bears,Jacksonville IceMen,33
Orlando Solar Bears,Norfolk Admirals,15
Orlando Solar Bears,Toledo Walleye,11
Orlando Solar Bears,Fort Wayne Komets,9
Orlando Solar Bears,Cincinnati Cyclones,8
Orlando Solar Bears,Elmira Jackals,7
Indy Fuel,Fort Wayne Komets,64
Indy Fuel,Cincinnati Cyclones,56
Indy Fuel,Wheeling Nailers,26
Indy Fuel,Toledo Walleye,23
Indy Fuel,Kalamazoo Wings,17
Indy Fuel,Evansville IceMen,13
Indy Fuel,Tulsa Oilers,12
Indy Fuel,Missouri Mavericks,9
Indy Fuel,Quad City Mallards,9
Indy Fuel,Reading Royals,9
Adirondack Thunder,Worcester Railers,35
Adirondack Thunder,Reading Royals,34
Adirondack Thunder,Manchester Monarchs,34
Adirondack Thunder,Norfolk Admirals,20
Adirondack Thunder,Brampton Beast,14
Adirondack Thunder,Maine Mariners,13
Adirondack Thunder,Elmira Jackals,12
Adirondack Thunder,Idaho Steelheads,10
Adirondack Thunder,Newfoundland Growlers,9
Adirondack Thunder,Utah Grizzlies,7
Norfolk Admirals,South Carolina Stingrays,29
Norfolk Admirals,Atlanta Gladiators,27
Norfolk Admirals,Florida Everblades,22
Norfolk Admirals,Jacksonville IceMen,20
Norfolk Admirals,Adirondack Thunder,20
Norfolk Admirals,Greenville Swamp Rabbits,17
Norfolk Admirals,Reading Royals,16
Norfolk Admirals,Wheeling Nailers,16
Norfolk Admirals,Orlando Solar Bears,15
Norfolk Admirals,Manchester Monarchs,15
Worcester Railers,Adirondack Thunder,35
Worcester Railers,Maine Mariners,24
Worcester Railers,Reading Royals,16
Worcester Railers,Manchester Monarchs,14
Worcester Railers,Wheeling Nailers,9
Worcester Railers,Brampton Beast,8
Worcester Railers,Colorado Eagles,7
Worcester Railers,Newfoundland Growlers,7
Worcester Railers,Norfolk Admirals,4
Worcester Railers,Quad City Mallards,3
Jacksonville IceMen,Florida Everblades,57
Jacksonville IceMen,South Carolina Stingrays,36
Jacksonville IceMen,Orlando Solar Bears,32
Jacksonville IceMen,Greenville Swamp Rabbits,26
Jacksonville IceMen,Atlanta Gladiators,23
Jacksonville IceMen,Norfolk Admirals,20
Jacksonville IceMen,Fort Wayne Komets,9
Jacksonville IceMen,Manchester Monarchs,6
Jacksonville IceMen,Reading Royals,3
Jacksonville IceMen,Maine Mariners,2
Kansas City Mavericks,Wichita Thunder,36
Kansas City Mavericks,Allen Americans,23
Kansas City Mavericks,Tulsa Oilers,16
Kansas City Mavericks,Rapid City Rush,15
Kansas City Mavericks,Iowa Heartlanders,14
Kansas City Mavericks,Utah Grizzlies,10
Kansas City Mavericks,Toledo Walleye,9
Kansas City Mavericks,Cincinnati Cyclones,8
Kansas City Mavericks,Kalamazoo Wings,7
Kansas City Mavericks,Fort Wayne Komets,6
Maine Mariners,Worcester Railers,22
Maine Mariners,Adirondack Thunder,13
Maine Mariners,Reading Royals,9
Maine Mariners,Norfolk Admirals,8
Maine Mariners,Trois-Rivieres Lions,8
Maine Mariners,Manchester Monarchs,7
Maine Mariners,Newfoundland Growlers,5
Maine Mariners,South Carolina Stingrays,2
Maine Mariners,Jacksonville IceMen,2
Maine Mariners,Brampton Beast,1
Newfoundland Growlers,Reading Royals,11
Newfoundland Growlers,Adirondack Thunder,9
Newfoundland Growlers,Trois-Rivieres Lions,8
Newfoundland Growlers,Worcester Railers,7
Newfoundland Growlers,Maine Mariners,6
Newfoundland Growlers,Kansas City Mavericks,2
Newfoundland Growlers,Brampton Beast,2
Newfoundland Growlers,Fort Wayne Komets,2
Newfoundland Growlers,Orlando Solar Bears,2
Newfoundland Growlers,Iowa Heartlanders,2
Tulsa Oilers,Wichita Thunder,198
Tulsa Oilers,Allen Americans,105
Tulsa Oilers,Oklahoma City Blazers,103
Tulsa Oilers,Mississippi RiverKings,65
Tulsa Oilers,Rapid City Rush,60
Tulsa Oilers,Missouri Mavericks,53
Tulsa Oilers,Colorado Eagles,50
Tulsa Oilers,Bossier-Shreveport Mudbugs,42
Tulsa Oilers,Utah Grizzlies,24
Tulsa Oilers,Quad City Mallards,18
Wichita Thunder,Tulsa Oilers,197
Wichita Thunder,Oklahoma City Blazers,133
Wichita Thunder,Allen Americans,119
Wichita Thunder,Rapid City Rush,68
Wichita Thunder,Colorado Eagles,67
Wichita Thunder,Mississippi RiverKings,64
Wichita Thunder,Missouri Mavericks,63
Wichita Thunder,Bossier-Shreveport Mudbugs,39
Wichita Thunder,Kansas City Mavericks,33
Wichita Thunder,Youngstown SteelHounds,29
Rapid City Rush,Allen Americans,71
Rapid City Rush,Utah Grizzlies,71
Rapid City Rush,Wichita Thunder,70
Rapid City Rush,Tulsa Oilers,60
Rapid City Rush,Idaho Steelheads,55
Rapid City Rush,Colorado Eagles,45
Rapid City Rush,Arizona Sundogs,45
Rapid City Rush,Denver Cutthroats,40
Rapid City Rush,Missouri Mavericks,36
Rapid City Rush,Quad City Mallards,35
Allen Americans,Wichita Thunder,119
Allen Americans,Tulsa Oilers,109
Allen Americans,Rapid City Rush,69
Allen Americans,Fort Worth Brahmas,50
Allen Americans,Missouri Mavericks,39
Allen Americans,Laredo Bucks,30
Allen Americans,Utah Grizzlies,30
Allen Americans,Arizona Sundogs,30
Allen Americans,Idaho Steelheads,27
Allen Americans,Kansas City Mavericks,25
Brandon Wheat Kings,Regina Pats,237
Brandon Wheat Kings,Moose Jaw Warriors,176
Brandon Wheat Kings,Prince Albert Raiders,168
Brandon Wheat Kings,Saskatoon Blades,159
Brandon Wheat Kings,Swift Current Broncos,150
Brandon Wheat Kings,Kootenay Ice,86
Brandon Wheat Kings,Lethbridge Hurricanes,81
Brandon Wheat Kings,Red Deer Rebels,81
Brandon Wheat Kings,Medicine Hat Tigers,81
Brandon Wheat Kings,Calgary Hitmen,68
Calgary Hitmen,Lethbridge Hurricanes,172
Calgary Hitmen,Red Deer Rebels,163
Calgary Hitmen,Kootenay Ice,161
Calgary Hitmen,Medicine Hat Tigers,153
Calgary Hitmen,Saskatoon Blades,110
Calgary Hitmen,Prince Albert Raiders,92
Calgary Hitmen,Moose Jaw Warriors,89
Calgary Hitmen,Regina Pats,84
Calgary Hitmen,Swift Current Broncos,82
Calgary Hitmen,Brandon Wheat Kings,68
Everett Silvertips,Seattle Thunderbirds,135
Everett Silvertips,Portland Winterhawks,126
Everett Silvertips,Tri-City Americans,91
Everett Silvertips,Spokane Chiefs,89
Everett Silvertips,Vancouver Giants,86
Everett Silvertips,Kamloops Blazers,44
Everett Silvertips,Prince George Cougars,43
Everett Silvertips,Kelowna Rockets,39
Everett Silvertips,Victoria Royals,23
Everett Silvertips,Lethbridge Hurricanes,20
Kamloops Blazers,Kelowna Rockets,292
Kamloops Blazers,Prince George Cougars,261
Kamloops Blazers,Vancouver Giants,167
Kamloops Blazers,Spokane Chiefs,131
Kamloops Blazers,Seattle Thunderbirds,103
Kamloops Blazers,Portland Winterhawks,103
Kamloops Blazers,Tri-City Americans,101
Kamloops Blazers,Victoria Royals,50
Kamloops Blazers,Red Deer Rebels,50
Kamloops Blazers,Lethbridge Hurricanes,48
Kelowna Rockets,Kamloops Blazers,290
Kelowna Rockets,Prince George Cougars,228
Kelowna Rockets,Vancouver Giants,173
Kelowna Rockets,Spokane Chiefs,137
Kelowna Rockets,Tri-City Americans,114
Kelowna Rockets,Seattle Thunderbirds,109
Kelowna Rockets,Portland Winterhawks,100
Kelowna Rockets,Victoria Royals,70
Kelowna Rockets,Medicine Hat Tigers,55
Kelowna Rockets,Chilliwack Bruins,46
Lethbridge Hurricanes,Medicine Hat Tigers,255
Lethbridge Hurricanes,Kootenay Ice,181
Lethbridge Hurricanes,Red Deer Rebels,173
Lethbridge Hurricanes,Calgary Hitmen,172
Lethbridge Hurricanes,Regina Pats,120
Lethbridge Hurricanes,Swift Current Broncos,117
Lethbridge Hurricanes,Moose Jaw Warriors,107
Lethbridge Hurricanes,Prince Albert Raiders,91
Lethbridge Hurricanes,Saskatoon Blades,90
Lethbridge Hurricanes,Brandon Wheat Kings,82
Medicine Hat Tigers,Lethbridge Hurricanes,257
Medicine Hat Tigers,Red Deer Rebels,170
Medicine Hat Tigers,Calgary Hitmen,152
Medicine Hat Tigers,Swift Current Broncos,145
Medicine Hat Tigers,Kootenay Ice,132
Medicine Hat Tigers,Regina Pats,128
Medicine Hat Tigers,Moose Jaw Warriors,96
Medicine Hat Tigers,Prince Albert Raiders,94
Medicine Hat Tigers,Saskatoon Blades,91
Medicine Hat Tigers,Brandon Wheat Kings,83
Moose Jaw Warriors,Regina Pats,305
Moose Jaw Warriors,Saskatoon Blades,198
Moose Jaw Warriors,Swift Current Broncos,187
Moose Jaw Warriors,Brandon Wheat Kings,176
Moose Jaw Warriors,Prince Albert Raiders,134
Moose Jaw Warriors,Lethbridge Hurricanes,107
Moose Jaw Warriors,Medicine Hat Tigers,98
Moose Jaw Warriors,Red Deer Rebels,93
Moose Jaw Warriors,Calgary Hitmen,91
Moose Jaw Warriors,Kootenay Ice,88
Portland Winterhawks,Seattle Thunderbirds,387
Portland Winterhawks,Spokane Chiefs,229
Portland Winterhawks,Tri-City Americans,215
Portland Winterhawks,Everett Silvertips,126
Portland Winterhawks,Prince George Cougars,126
Portland Winterhawks,Kamloops Blazers,103
Portland Winterhawks,Kelowna Rockets,98
Portland Winterhawks,Vancouver Giants,94
Portland Winterhawks,Kootenay Ice,40
Portland Winterhawks,Swift Current Broncos,38
Prince Albert Raiders,Saskatoon Blades,238
Prince Albert Raiders,Regina Pats,216
Prince Albert Raiders,Brandon Wheat Kings,168
Prince Albert Raiders,Swift Current Broncos,168
Prince Albert Raiders,Moose Jaw Warriors,134
Prince Albert Raiders,Red Deer Rebels,116
Prince Albert Raiders,Medicine Hat Tigers,93
Prince Albert Raiders,Calgary Hitmen,92
Prince Albert Raiders,Lethbridge Hurricanes,92
Prince Albert Raiders,Kootenay Ice,73
Prince George Cougars,Kamloops Blazers,261
Prince George Cougars,Kelowna Rockets,227
Prince George Cougars,Vancouver Giants,174
Prince George Cougars,Tri-City Americans,132
Prince George Cougars,Seattle Thunderbirds,128
Prince George Cougars,Portland Winterhawks,126
Prince George Cougars,Spokane Chiefs,110
Prince George Cougars,Chilliwack Bruins,66
Prince George Cougars,Victoria Royals,65
Prince George Cougars,Lethbridge Hurricanes,62
Red Deer Rebels,Lethbridge Hurricanes,174
Red Deer Rebels,Medicine Hat Tigers,170
Red Deer Rebels,Calgary Hitmen,163
Red Deer Rebels,Kootenay Ice,151
Red Deer Rebels,Regina Pats,129
Red Deer Rebels,Prince Albert Raiders,117
Red Deer Rebels,Saskatoon Blades,96
Red Deer Rebels,Moose Jaw Warriors,92
Red Deer Rebels,Swift Current Broncos,92
Red Deer Rebels,Brandon Wheat Kings,82
Regina Pats,Moose Jaw Warriors,306
Regina Pats,Brandon Wheat Kings,235
Regina Pats,Saskatoon Blades,228
Regina Pats,Prince Albert Raiders,218
Regina Pats,Swift Current Broncos,190
Regina Pats,Medicine Hat Tigers,129
Regina Pats,Red Deer Rebels,128
Regina Pats,Lethbridge Hurricanes,120
Regina Pats,Kootenay Ice,90
Regina Pats,Calgary Hitmen,84
Saskatoon Blades,Prince Albert Raiders,238
Saskatoon Blades,Regina Pats,227
Saskatoon Blades,Moose Jaw Warriors,199
Saskatoon Blades,Swift Current Broncos,170
Saskatoon Blades,Brandon Wheat Kings,159
Saskatoon Blades,Calgary Hitmen,111
Saskatoon Blades,Red Deer Rebels,94
Saskatoon Blades,Medicine Hat Tigers,91
Saskatoon Blades,Lethbridge Hurricanes,90
Saskatoon Blades,Kootenay Ice,73
Seattle Thunderbirds,Portland Winterhawks,386
Seattle Thunderbirds,Spokane Chiefs,236
Seattle Thunderbirds,Tri-City Americans,227
Seattle Thunderbirds,Everett Silvertips,136
Seattle Thunderbirds,Prince George Cougars,128
Seattle Thunderbirds,Kelowna Rockets,109
Seattle Thunderbirds,Kamloops Blazers,104
Seattle Thunderbirds,Vancouver Giants,102
Seattle Thunderbirds,Lethbridge Hurricanes,50
Seattle Thunderbirds,Brandon Wheat Kings,41
Spokane Chiefs,Tri-City Americans,320
Spokane Chiefs,Seattle Thunderbirds,236
Spokane Chiefs,Portland Winterhawks,229
Spokane Chiefs,Kelowna Rockets,138
Spokane Chiefs,Kamloops Blazers,129
Spokane Chiefs,Kootenay Ice,118
Spokane Chiefs,Prince George Cougars,111
Spokane Chiefs,Everett Silvertips,90
Spokane Chiefs,Medicine Hat Tigers,51
Spokane Chiefs,Vancouver Giants,50
Swift Current Broncos,Regina Pats,191
Swift Current Broncos,Moose Jaw Warriors,186
Swift Current Broncos,Saskatoon Blades,172
Swift Current Broncos,Prince Albert Raiders,167
Swift Current Broncos,Brandon Wheat Kings,151
Swift Current Broncos,Medicine Hat Tigers,145
Swift Current Broncos,Lethbridge Hurricanes,118
Swift Current Broncos,Red Deer Rebels,91
Swift Current Broncos,Kootenay Ice,91
Swift Current Broncos,Calgary Hitmen,82
Tri-City Americans,Spokane Chiefs,318
Tri-City Americans,Seattle Thunderbirds,229
Tri-City Americans,Portland Winterhawks,219
Tri-City Americans,Prince George Cougars,132
Tri-City Americans,Kelowna Rockets,114
Tri-City Americans,Kamloops Blazers,100
Tri-City Americans,Everett Silvertips,93
Tri-City Americans,Vancouver Giants,60
Tri-City Americans,Kootenay Ice,56
Tri-City Americans,Regina Pats,39
Vancouver Giants,Kelowna Rockets,175
Vancouver Giants,Prince George Cougars,170
Vancouver Giants,Kamloops Blazers,164
Vancouver Giants,Seattle Thunderbirds,103
Vancouver Giants,Portland Winterhawks,96
Vancouver Giants,Everett Silvertips,86
Vancouver Giants,Victoria Royals,73
Vancouver Giants,Tri-City Americans,61
Vancouver Giants,Chilliwack Bruins,56
Vancouver Giants,Spokane Chiefs,48
Edmonton Oil Kings,Red Deer Rebels,77
Edmonton Oil Kings,Lethbridge Hurricanes,75
Edmonton Oil Kings,Medicine Hat Tigers,58
Edmonton Oil Kings,Saskatoon Blades,47
Edmonton Oil Kings,Calgary Hitmen,45
Edmonton Oil Kings,Brandon Wheat Kings,44
Edmonton Oil Kings,Swift Current Broncos,43
Edmonton Oil Kings,Kootenay Ice,39
Edmonton Oil Kings,Moose Jaw Warriors,38
Edmonton Oil Kings,Prince Albert Raiders,33
Victoria Royals,Vancouver Giants,73
Victoria Royals,Kelowna Rockets,72
Victoria Royals,Prince George Cougars,65
Victoria Royals,Kamloops Blazers,52
Victoria Royals,Seattle Thunderbirds,27
Victoria Royals,Spokane Chiefs,26
Victoria Royals,Everett Silvertips,23
Victoria Royals,Tri-City Americans,17
Victoria Royals,Portland Winterhawks,15
Victoria Royals,Lethbridge Hurricanes,15
Acadie-Bathurst Titan,Cape Breton Eagles,164
Acadie-Bathurst Titan,Halifax Mooseheads,150
Acadie-Bathurst Titan,Moncton Wildcats,129
Acadie-Bathurst Titan,Charlottetown Islanders,127
Acadie-Bathurst Titan,Saint John Sea Dogs,97
Acadie-Bathurst Titan,Rimouski Océanic,70
Acadie-Bathurst Titan,Gatineau Olympiques,68
Acadie-Bathurst Titan,Baie-Comeau Drakkar,66
Acadie-Bathurst Titan,Shawinigan Cataractes,65
Acadie-Bathurst Titan,Val-d'Or Foreurs,56
Baie-Comeau Drakkar,Rimouski Océanic,206
Baie-Comeau Drakkar,Québec Remparts,194
Baie-Comeau Drakkar,Chicoutimi Saguenéens,156
Baie-Comeau Drakkar,Halifax Mooseheads,130
Baie-Comeau Drakkar,Victoriaville Tigres,123
Baie-Comeau Drakkar,Cape Breton Eagles,109
Baie-Comeau Drakkar,Shawinigan Cataractes,104
Baie-Comeau Drakkar,Gatineau Olympiques,99
Baie-Comeau Drakkar,Drummondville Voltigeurs,98
Baie-Comeau Drakkar,Rouyn-Noranda Huskies,80
Drummondville Voltigeurs,Gatineau Olympiques,186
Drummondville Voltigeurs,Victoriaville Tigres,185
Drummondville Voltigeurs,Shawinigan Cataractes,170
Drummondville Voltigeurs,Val-d'Or Foreurs,142
Drummondville Voltigeurs,Baie-Comeau Drakkar,98
Drummondville Voltigeurs,Rouyn-Noranda Huskies,95
Drummondville Voltigeurs,Chicoutimi Saguenéens,81
Drummondville Voltigeurs,Moncton Wildcats,80
Drummondville Voltigeurs,Rimouski Océanic,79
Drummondville Voltigeurs,Sherbrooke Beavers,78
Chicoutimi Saguenéens,Baie-Comeau Drakkar,152
Chicoutimi Saguenéens,Québec Remparts,149
Chicoutimi Saguenéens,Rimouski Océanic,136
Chicoutimi Saguenéens,Victoriaville Tigres,98
Chicoutimi Saguenéens,Halifax Mooseheads,95
Chicoutimi Saguenéens,Gatineau Olympiques,94
Chicoutimi Saguenéens,Moncton Wildcats,89
Chicoutimi Saguenéens,Drummondville Voltigeurs,81
Chicoutimi Saguenéens,Shawinigan Cataractes,81
Chicoutimi Saguenéens,Val-d'Or Foreurs,72
Gatineau Olympiques,Val-d'Or Foreurs,196
Gatineau Olympiques,Drummondville Voltigeurs,186
Gatineau Olympiques,Rouyn-Noranda Huskies,172
Gatineau Olympiques,Shawinigan Cataractes,144
Gatineau Olympiques,Rimouski Océanic,111
Gatineau Olympiques,Baie-Comeau Drakkar,98
Gatineau Olympiques,Victoriaville Tigres,97
Gatineau Olympiques,Halifax Mooseheads,97
Gatineau Olympiques,Chicoutimi Saguenéens,94
Gatineau Olympiques,Sherbrooke Beavers,88
Halifax Mooseheads,Moncton Wildcats,179
Halifax Mooseheads,Cape Breton Eagles,169
Halifax Mooseheads,Acadie-Bathurst Titan,151
Halifax Mooseheads,Baie-Comeau Drakkar,126
Halifax Mooseheads,Charlottetown Islanders,108
Halifax Mooseheads,Gatineau Olympiques,97
Halifax Mooseheads,Victoriaville Tigres,97
Halifax Mooseheads,Chicoutimi Saguenéens,95
Halifax Mooseheads,Rimouski Océanic,92
Halifax Mooseheads,Shawinigan Cataractes,86
Rouyn-Noranda Huskies,Val-d'Or Foreurs,173
Rouyn-Noranda Huskies,Gatineau Olympiques,172
Rouyn-Noranda Huskies,Victoriaville Tigres,108
Rouyn-Noranda Huskies,Shawinigan Cataractes,96
Rouyn-Noranda Huskies,Drummondville Voltigeurs,95
Rouyn-Noranda Huskies,Baie-Comeau Drakkar,80
Rouyn-Noranda Huskies,Rimouski Océanic,69
Rouyn-Noranda Huskies,Moncton Wildcats,68
Rouyn-Noranda Huskies,Halifax Mooseheads,67
Rouyn-Noranda Huskies,Québec Remparts,60
Moncton Wildcats,Halifax Mooseheads,177
Moncton Wildcats,Cape Breton Eagles,140
Moncton Wildcats,Charlottetown Islanders,133
Moncton Wildcats,Acadie-Bathurst Titan,127
Moncton Wildcats,Victoriaville Tigres,96
Moncton Wildcats,Chicoutimi Saguenéens,89
Moncton Wildcats,Val-d'Or Foreurs,85
Moncton Wildcats,Saint John Sea Dogs,81
Moncton Wildcats,Drummondville Voltigeurs,80
Moncton Wildcats,Shawinigan Cataractes,80
Québec Remparts,Baie-Comeau Drakkar,192
Québec Remparts,Rimouski Océanic,189
Québec Remparts,Chicoutimi Saguenéens,152
Québec Remparts,Victoriaville Tigres,88
Québec Remparts,Halifax Mooseheads,81
Québec Remparts,Drummondville Voltigeurs,73
Québec Remparts,Gatineau Olympiques,72
Québec Remparts,Shawinigan Cataractes,69
Québec Remparts,Rouyn-Noranda Huskies,60
Québec Remparts,Cape Breton Eagles,55
Shawinigan Cataractes,Drummondville Voltigeurs,171
Shawinigan Cataractes,Victoriaville Tigres,157
Shawinigan Cataractes,Gatineau Olympiques,142
Shawinigan Cataractes,Baie-Comeau Drakkar,104
Shawinigan Cataractes,Val-d'Or Foreurs,103
Shawinigan Cataractes,Rimouski Océanic,101
Shawinigan Cataractes,Rouyn-Noranda Huskies,96
Shawinigan Cataractes,Halifax Mooseheads,88
Shawinigan Cataractes,Chicoutimi Saguenéens,82
Shawinigan Cataractes,Moncton Wildcats,79
Charlottetown Islanders,Moncton Wildcats,134
Charlottetown Islanders,Acadie-Bathurst Titan,128
Charlottetown Islanders,Cape Breton Eagles,125
Charlottetown Islanders,Halifax Mooseheads,109
Charlottetown Islanders,Saint John Sea Dogs,108
Charlottetown Islanders,Baie-Comeau Drakkar,48
Charlottetown Islanders,Chicoutimi Saguenéens,48
Charlottetown Islanders,Lewiston Maineiacs,39
Charlottetown Islanders,Rimouski Océanic,37
Charlottetown Islanders,Victoriaville Tigres,35
Rimouski Océanic,Baie-Comeau Drakkar,208
Rimouski Océanic,Québec Remparts,191
Rimouski Océanic,Chicoutimi Saguenéens,136
Rimouski Océanic,Victoriaville Tigres,115
Rimouski Océanic,Gatineau Olympiques,112
Rimouski Océanic,Shawinigan Cataractes,102
Rimouski Océanic,Val-d'Or Foreurs,100
Rimouski Océanic,Halifax Mooseheads,92
Rimouski Océanic,Drummondville Voltigeurs,78
Rimouski Océanic,Cape Breton Eagles,69
Val-d'Or Foreurs,Gatineau Olympiques,196
Val-d'Or Foreurs,Rouyn-Noranda Huskies,171
Val-d'Or Foreurs,Drummondville Voltigeurs,143
Val-d'Or Foreurs,Rimouski Océanic,104
Val-d'Or Foreurs,Shawinigan Cataractes,102
Val-d'Or Foreurs,Victoriaville Tigres,98
Val-d'Or Foreurs,Moncton Wildcats,85
Val-d'Or Foreurs,Halifax Mooseheads,73
Val-d'Or Foreurs,Chicoutimi Saguenéens,70
Val-d'Or Foreurs,Baie-Comeau Drakkar,70
Victoriaville Tigres,Drummondville Voltigeurs,188
Victoriaville Tigres,Shawinigan Cataractes,156
Victoriaville Tigres,Baie-Comeau Drakkar,124
Victoriaville Tigres,Rimouski Océanic,114
Victoriaville Tigres,Rouyn-Noranda Huskies,107
Victoriaville Tigres,Val-d'Or Foreurs,97
Victoriaville Tigres,Gatineau Olympiques,97
Victoriaville Tigres,Chicoutimi Saguenéens,96
Victoriaville Tigres,Halifax Mooseheads,96
Victoriaville Tigres,Moncton Wildcats,96
Saint John Sea Dogs,Charlottetown Islanders,105
Saint John Sea Dogs,Acadie-Bathurst Titan,98
Saint John Sea Dogs,Moncton Wildcats,83
Saint John Sea Dogs,Halifax Mooseheads,77
Saint John Sea Dogs,Cape Breton Eagles,75
Saint John Sea Dogs,Lewiston Maineiacs,28
Saint John Sea Dogs,Shawinigan Cataractes,26
Saint John Sea Dogs,Drummondville Voltigeurs,25
Saint John Sea Dogs,St John's Fog Devils,24
Saint John Sea Dogs,Baie-Comeau Drakkar,24
Blainville-Boisbriand Armada,Gatineau Olympiques,37
Blainville-Boisbriand Armada,Drummondville Voltigeurs,36
Blainville-Boisbriand Armada,Sherbrooke Phoenix,29
Blainville-Boisbriand Armada,Val-d'Or Foreurs,28
Blainville-Boisbriand Armada,Rouyn-Noranda Huskies,25
Blainville-Boisbriand Armada,Baie-Comeau Drakkar,21
Blainville-Boisbriand Armada,Rimouski Océanic,20
Blainville-Boisbriand Armada,Shawinigan Cataractes,20
Blainville-Boisbriand Armada,Charlottetown Islanders,18
Blainville-Boisbriand Armada,Québec Remparts,15
Sherbrooke Phoenix,Drummondville Voltigeurs,33
Sherbrooke Phoenix,Blainville-Boisbriand Armada,29
Sherbrooke Phoenix,Gatineau Olympiques,28
Sherbrooke Phoenix,Victoriaville Tigres,26
Sherbrooke Phoenix,Rouyn-Noranda Huskies,26
Sherbrooke Phoenix,Baie-Comeau Drakkar,20
Sherbrooke Phoenix,Rimouski Océanic,19
Sherbrooke Phoenix,Chicoutimi Saguenéens,16
Sherbrooke Phoenix,Val-d'Or Foreurs,15
Sherbrooke Phoenix,Québec Remparts,14
Cape Breton Eagles,Halifax Mooseheads,169
Cape Breton Eagles,Acadie-Bathurst Titan,160
Cape Breton Eagles,Moncton Wildcats,141
Cape Breton Eagles,Charlottetown Islanders,124
Cape Breton Eagles,Baie-Comeau Drakkar,109
Cape Breton Eagles,Saint John Sea Dogs,74
Cape Breton Eagles,Rimouski Océanic,69
Cape Breton Eagles,Drummondville Voltigeurs,68
Cape Breton Eagles,Gatineau Olympiques,66
Cape Breton Eagles,Shawinigan Cataractes,61
Barrie Colts,Sudbury Wolves,159
Barrie Colts,Mississauga Steelheads,125
Barrie Colts,Niagara IceDogs,111
Barrie Colts,Owen Sound Attack,111
Barrie Colts,Oshawa Generals,86
Barrie Colts,Peterborough Petes,71
Barrie Colts,Kingston Frontenacs,69
Barrie Colts,Saginaw Spirit,62
Barrie Colts,North Bay Battalion,62
Barrie Colts,Ottawa 67's,54
North Bay Battalion,Sudbury Wolves,117
North Bay Battalion,Niagara IceDogs,91
North Bay Battalion,Mississauga Steelheads,89
North Bay Battalion,Barrie Colts,63
North Bay Battalion,Peterborough Petes,57
North Bay Battalion,Ottawa 67's,54
North Bay Battalion,London Knights,54
North Bay Battalion,Kitchener Rangers,53
North Bay Battalion,Kingston Frontenacs,52
North Bay Battalion,Sarnia Sting,51
Erie Otters,Kitchener Rangers,149
Erie Otters,Plymouth Whalers,107
Erie Otters,London Knights,103
Erie Otters,Windsor Spitfires,100
Erie Otters,Owen Sound Attack,90
Erie Otters,Mississauga Steelheads,89
Erie Otters,Guelph Storm,86
Erie Otters,Sarnia Sting,70
Erie Otters,Niagara IceDogs,68
Erie Otters,Saginaw Spirit,64
Guelph Storm,Kitchener Rangers,164
Guelph Storm,Owen Sound Attack,146
Guelph Storm,London Knights,103
Guelph Storm,Windsor Spitfires,95
Guelph Storm,Erie Otters,86
Guelph Storm,Saginaw Spirit,82
Guelph Storm,Sarnia Sting,68
Guelph Storm,Plymouth Whalers,67
Guelph Storm,Sault Ste. Marie Greyhounds,59
Guelph Storm,Kingston Frontenacs,44
Kingston Frontenacs,Oshawa Generals,191
Kingston Frontenacs,Belleville Bulls,146
Kingston Frontenacs,Peterborough Petes,135
Kingston Frontenacs,Mississauga Steelheads,126
Kingston Frontenacs,Ottawa 67's,117
Kingston Frontenacs,Niagara IceDogs,77
Kingston Frontenacs,Barrie Colts,69
Kingston Frontenacs,Erie Otters,54
Kingston Frontenacs,North Bay Battalion,52
Kingston Frontenacs,Sudbury Wolves,51
Kitchener Rangers,Guelph Storm,162
Kitchener Rangers,Erie Otters,149
Kitchener Rangers,London Knights,122
Kitchener Rangers,Owen Sound Attack,122
Kitchener Rangers,Windsor Spitfires,93
Kitchener Rangers,Sault Ste. Marie Greyhounds,92
Kitchener Rangers,Sarnia Sting,78
Kitchener Rangers,Plymouth Whalers,74
Kitchener Rangers,Saginaw Spirit,67
Kitchener Rangers,Oshawa Generals,61
London Knights,Windsor Spitfires,170
London Knights,Sarnia Sting,160
London Knights,Owen Sound Attack,129
London Knights,Kitchener Rangers,123
London Knights,Plymouth Whalers,108
London Knights,Sault Ste. Marie Greyhounds,104
London Knights,Erie Otters,104
London Knights,Guelph Storm,103
London Knights,Saginaw Spirit,67
London Knights,North Bay Battalion,55
Niagara IceDogs,Mississauga Steelheads,156
Niagara IceDogs,Sudbury Wolves,132
Niagara IceDogs,Barrie Colts,111
Niagara IceDogs,North Bay Battalion,91
Niagara IceDogs,Kingston Frontenacs,77
Niagara IceDogs,Erie Otters,71
Niagara IceDogs,Peterborough Petes,61
Niagara IceDogs,Ottawa 67's,55
Niagara IceDogs,Saginaw Spirit,54
Niagara IceDogs,Belleville Bulls,52
Oshawa Generals,Peterborough Petes,214
Oshawa Generals,Kingston Frontenacs,189
Oshawa Generals,Belleville Bulls,135
Oshawa Generals,Mississauga Steelheads,127
Oshawa Generals,Ottawa 67's,121
Oshawa Generals,Sudbury Wolves,116
Oshawa Generals,Barrie Colts,85
Oshawa Generals,Kitchener Rangers,62
Oshawa Generals,Sarnia Sting,55
Oshawa Generals,Windsor Spitfires,54
Ottawa 67's,Peterborough Petes,125
Ottawa 67's,Oshawa Generals,121
Ottawa 67's,Kingston Frontenacs,119
Ottawa 67's,Belleville Bulls,118
Ottawa 67's,Mississauga Steelheads,83
Ottawa 67's,Sudbury Wolves,62
Ottawa 67's,Barrie Colts,55
Ottawa 67's,North Bay Battalion,54
Ottawa 67's,Niagara IceDogs,53
Ottawa 67's,Saginaw Spirit,47
Owen Sound Attack,Guelph Storm,147
Owen Sound Attack,London Knights,129
Owen Sound Attack,Kitchener Rangers,122
Owen Sound Attack,Barrie Colts,114
Owen Sound Attack,Windsor Spitfires,112
Owen Sound Attack,Sarnia Sting,97
Owen Sound Attack,Erie Otters,91
Owen Sound Attack,Plymouth Whalers,83
Owen Sound Attack,Saginaw Spirit,71
Owen Sound Attack,Sudbury Wolves,58
Peterborough Petes,Oshawa Generals,215
Peterborough Petes,Kingston Frontenacs,135
Peterborough Petes,Ottawa 67's,125
Peterborough Petes,Mississauga Steelheads,103
Peterborough Petes,Sudbury Wolves,96
Peterborough Petes,Belleville Bulls,89
Peterborough Petes,Barrie Colts,68
Peterborough Petes,Windsor Spitfires,62
Peterborough Petes,Niagara IceDogs,61
Peterborough Petes,North Bay Battalion,56
Saginaw Spirit,Sault Ste. Marie Greyhounds,129
Saginaw Spirit,Plymouth Whalers,126
Saginaw Spirit,Windsor Spitfires,123
Saginaw Spirit,Sarnia Sting,118
Saginaw Spirit,Sudbury Wolves,91
Saginaw Spirit,Guelph Storm,81
Saginaw Spirit,Owen Sound Attack,70
Saginaw Spirit,London Knights,66
Saginaw Spirit,Kitchener Rangers,66
Saginaw Spirit,Mississauga Steelheads,65
Sarnia Sting,Sault Ste. Marie Greyhounds,164
Sarnia Sting,London Knights,159
Sarnia Sting,Windsor Spitfires,132
Sarnia Sting,Plymouth Whalers,127
Sarnia Sting,Saginaw Spirit,119
Sarnia Sting,Owen Sound Attack,96
Sarnia Sting,Kitchener Rangers,78
Sarnia Sting,Erie Otters,71
Sarnia Sting,Guelph Storm,68
Sarnia Sting,Oshawa Generals,57
Sault Ste. Marie Greyhounds,Windsor Spitfires,178
Sault Ste. Marie Greyhounds,Sarnia Sting,163
Sault Ste. Marie Greyhounds,Sudbury Wolves,136
Sault Ste. Marie Greyhounds,Plymouth Whalers,130
Sault Ste. Marie Greyhounds,Saginaw Spirit,129
Sault Ste. Marie Greyhounds,London Knights,105
Sault Ste. Marie Greyhounds,Kitchener Rangers,92
Sault Ste. Marie Greyhounds,Guelph Storm,57
Sault Ste. Marie Greyhounds,Mississauga Steelheads,52
Sault Ste. Marie Greyhounds,North Bay Battalion,38
Sudbury Wolves,Barrie Colts,159
Sudbury Wolves,Mississauga Steelheads,141
Sudbury Wolves,Sault Ste. Marie Greyhounds,135
Sudbury Wolves,Niagara IceDogs,131
Sudbury Wolves,North Bay Battalion,118
Sudbury Wolves,Oshawa Generals,116
Sudbury Wolves,Peterborough Petes,97
Sudbury Wolves,Saginaw Spirit,91
Sudbury Wolves,Ottawa 67's,62
Sudbury Wolves,Owen Sound Attack,58
Mississauga Steelheads,Niagara IceDogs,155
Mississauga Steelheads,Sudbury Wolves,141
Mississauga Steelheads,Oshawa Generals,128
Mississauga Steelheads,Kingston Frontenacs,127
Mississauga Steelheads,Barrie Colts,125
Mississauga Steelheads,Peterborough Petes,102
Mississauga Steelheads,North Bay Battalion,90
Mississauga Steelheads,Erie Otters,89
Mississauga Steelheads,Belleville Bulls,83
Mississauga Steelheads,Ottawa 67's,82
Windsor Spitfires,Plymouth Whalers,247
Windsor Spitfires,Sault Ste. Marie Greyhounds,178
Windsor Spitfires,London Knights,171
Windsor Spitfires,Sarnia Sting,131
Windsor Spitfires,Saginaw Spirit,127
Windsor Spitfires,Owen Sound Attack,110
Windsor Spitfires,Erie Otters,101
Windsor Spitfires,Guelph Storm,96
Windsor Spitfires,Kitchener Rangers,94
Windsor Spitfires,Peterborough Petes,62
Hamilton Bulldogs,Kingston Frontenacs,24
Hamilton Bulldogs,Mississauga Steelheads,18
Hamilton Bulldogs,Oshawa Generals,15
Hamilton Bulldogs,Ottawa 67's,12
Hamilton Bulldogs,Barrie Colts,12
Hamilton Bulldogs,Peterborough Petes,11
Hamilton Bulldogs,Sudbury Wolves,8
Hamilton Bulldogs,Sault Ste. Marie Greyhounds,7
Hamilton Bulldogs,North Bay Battalion,6
Hamilton Bulldogs,Flint Firebirds,5
Flint Firebirds,Sarnia Sting,19
Flint Firebirds,Guelph Storm,10
Flint Firebirds,Saginaw Spirit,10
Flint Firebirds,Windsor Spitfires,9
Flint Firebirds,Sault Ste. Marie Greyhounds,9
Flint Firebirds,London Knights,7
Flint Firebirds,Sudbury Wolves,6
Flint Firebirds,Hamilton Bulldogs,5
Flint Firebirds,Mississauga Steelheads,4
Flint Firebirds,Barrie Colts,4
Huntsville Havoc,Knoxville Ice Bears,205
Huntsville Havoc,Columbus Cottonmouths,183
Huntsville Havoc,Fayetteville FireAntz,109
Huntsville Havoc,Pensacola Ice Flyers,76
Huntsville Havoc,Mississippi RiverKings,56
Huntsville Havoc,Jacksonville Barracudas,43
Huntsville Havoc,Richmond Renegades,38
Huntsville Havoc,Mississippi Surge,37
Huntsville Havoc,Louisiana IceGators,32
Huntsville Havoc,Asheville Aces,31
Knoxville Ice Bears,Huntsville Havoc,200
Knoxville Ice Bears,Columbus Cottonmouths,134
Knoxville Ice Bears,Fayetteville FireAntz,116
Knoxville Ice Bears,Pensacola Ice Flyers,44
Knoxville Ice Bears,Richmond Renegades,42
Knoxville Ice Bears,Augusta RiverHawks,38
Knoxville Ice Bears,Macon Mayhem,37
Knoxville Ice Bears,Jacksonville Barracudas,36
Knoxville Ice Bears,Peoria Rivermen,34
Knoxville Ice Bears,Birmingham Bulls,34
Pensacola Ice Flyers,Huntsville Havoc,74
Pensacola Ice Flyers,Louisiana IceGators,69
Pensacola Ice Flyers,Columbus Cottonmouths,60
Pensacola Ice Flyers,Mississippi Surge,57
Pensacola Ice Flyers,Mississippi RiverKings,43
Pensacola Ice Flyers,Knoxville Ice Bears,43
Pensacola Ice Flyers,Macon Mayhem,40
Pensacola Ice Flyers,Fayetteville FireAntz,35
Pensacola Ice Flyers,Peoria Rivermen,35
Pensacola Ice Flyers,Birmingham Bulls,30
Peoria Rivermen,Quad City Storm,42
Peoria Rivermen,Pensacola Ice Flyers,34
Peoria Rivermen,Evansville Thunderbolts,34
Peoria Rivermen,Knoxville Ice Bears,32
Peoria Rivermen,Huntsville Havoc,24
Peoria Rivermen,Columbus Cottonmouths,22
Peoria Rivermen,Roanoke Rail Yard Dawgs,20
Peoria Rivermen,Macon Mayhem,16
Peoria Rivermen,Mississippi RiverKings,16
Peoria Rivermen,Louisiana IceGators,15
Macon Mayhem,Pensacola Ice Flyers,40
Macon Mayhem,Knoxville Ice Bears,35
Macon Mayhem,Fayetteville Marksmen,33
Macon Mayhem,Birmingham Bulls,28
Macon Mayhem,Fayetteville FireAntz,20
Macon Mayhem,Huntsville Havoc,19
Macon Mayhem,Roanoke Rail Yard Dawgs,19
Macon Mayhem,Peoria Rivermen,17
Macon Mayhem,Columbus Cottonmouths,14
Macon Mayhem,Mississippi RiverKings,13
Roanoke Rail Yard Dawgs,Fayetteville Marksmen,36
Roanoke Rail Yard Dawgs,Knoxville Ice Bears,33
Roanoke Rail Yard Dawgs,Huntsville Havoc,21
Roanoke Rail Yard Dawgs,Macon Mayhem,19
Roanoke Rail Yard Dawgs,Peoria Rivermen,19
Roanoke Rail Yard Dawgs,Birmingham Bulls,8
Roanoke Rail Yard Dawgs,Fayetteville FireAntz,8
Roanoke Rail Yard Dawgs,Mississippi RiverKings,7
Roanoke Rail Yard Dawgs,Pensacola Ice Flyers,6
Roanoke Rail Yard Dawgs,Evansville Thunderbolts,5
Evansville Thunderbolts,Peoria Rivermen,33
Evansville Thunderbolts,Quad City Storm,26
Evansville Thunderbolts,Birmingham Bulls,22
Evansville Thunderbolts,Knoxville Ice Bears,19
Evansville Thunderbolts,Huntsville Havoc,13
Evansville Thunderbolts,Pensacola Ice Flyers,11
Evansville Thunderbolts,Fayetteville FireAntz,6
Evansville Thunderbolts,Vermilion County Bobcats,6
Evansville Thunderbolts,Mississippi RiverKings,6
Evansville Thunderbolts,Roanoke Rail Yard Dawgs,5
Fayetteville Marksmen,Roanoke Rail Yard Dawgs,32
Fayetteville Marksmen,Macon Mayhem,31
Fayetteville Marksmen,Knoxville Ice Bears,19
Fayetteville Marksmen,Pensacola Ice Flyers,13
Fayetteville Marksmen,Quad City Storm,10
Fayetteville Marksmen,Birmingham Bulls,10
Fayetteville Marksmen,Peoria Rivermen,7
Fayetteville Marksmen,Huntsville Havoc,3
Fayetteville Marksmen,Evansville Thunderbolts,3
Fayetteville Marksmen,Mississippi RiverKings,1
Birmingham Bulls,Knoxville Ice Bears,34
Birmingham Bulls,Pensacola Ice Flyers,29
Birmingham Bulls,Macon Mayhem,29
Birmingham Bulls,Huntsville Havoc,27
Birmingham Bulls,Evansville Thunderbolts,19
Birmingham Bulls,Quad City Storm,11
Birmingham Bulls,Fayetteville Marksmen,9
Birmingham Bulls,Peoria Rivermen,9
Birmingham Bulls,Roanoke Rail Yard Dawgs,8
Birmingham Bulls,Vermilion County Bobcats,2
Quad City Storm,Peoria Rivermen,44
Quad City Storm,Evansville Thunderbolts,26
Quad City Storm,Vermilion County Bobcats,18
Quad City Storm,Birmingham Bulls,11
Quad City Storm,Fayetteville Marksmen,11
Quad City Storm,Knoxville Ice Bears,10
Quad City Storm,Pensacola Ice Flyers,5
Quad City Storm,Huntsville Havoc,5
Quad City Storm,Roanoke Rail Yard Dawgs,3
Quad City Storm,Macon Mayhem,2
Pétroliers du Nord,COOL-FM de Saint-Georges,38
Pétroliers du Nord,l’Assurancia de Thetford,31
Pétroliers du Nord,Éperviers de Sorel-Tracy,29
Pétroliers du Nord,3L de Rivière-du-Loup,26
Pétroliers du Nord,Marquis de Jonquière,21
COOL-FM de Saint-Georges,l’Assurancia de Thetford,277
COOL-FM de Saint-Georges,Marquis de Jonquière,217
COOL-FM de Saint-Georges,Blizzard Cloutier Nord-Sud Trois-Rivières,185
COOL-FM de Saint-Georges,3L de Rivière-du-Loup,181
COOL-FM de Saint-Georges,Saint-François de Sherbrooke,128
COOL-FM de Saint-Georges,Chiefs de Saint-Hyacinthe,103
COOL-FM de Saint-Georges,Éperviers de Sorel-Tracy,97
COOL-FM de Saint-Georges,Radio X de Québec,75
COOL-FM de Saint-Georges,Top Design de Saint-Hyacinthe,64
COOL-FM de Saint-Georges,Laval Predators,57
l’Assurancia de Thetford,COOL-FM de Saint-Georges,276
l’Assurancia de Thetford,3L de Rivière-du-Loup,200
l’Assurancia de Thetford,Blizzard Cloutier Nord-Sud Trois-Rivières,190
l’Assurancia de Thetford,Marquis de Jonquière,176
l’Assurancia de Thetford,Éperviers de Sorel-Tracy,139
l’Assurancia de Thetford,Saint-François de Sherbrooke,108
l’Assurancia de Thetford,Chiefs de Saint-Hyacinthe,76
l’Assurancia de Thetford,Laval Predators,70
l’Assurancia de Thetford,Radio X de Québec,69
l’Assurancia de Thetford,Top Design de Saint-Hyacinthe,53
Marquis de Jonquière,COOL-FM de Saint-Georges,217
Marquis de Jonquière,l’Assurancia de Thetford,176
Marquis de Jonquière,3L de Rivière-du-Loup,158
Marquis de Jonquière,Éperviers de Sorel-Tracy,140
Marquis de Jonquière,Blizzard Cloutier Nord-Sud Trois-Rivières,125
Marquis de Jonquière,Saint-François de Sherbrooke,56
Marquis de Jonquière,Laval Predators,52
Marquis de Jonquière,Lois Jeans de Pont-Rouge,41
Marquis de Jonquière,Cornwall River Kings,35
Marquis de Jonquière,Windsor Wild,27
3L de Rivière-du-Loup,l’Assurancia de Thetford,198
3L de Rivière-du-Loup,COOL-FM de Saint-Georges,183
3L de Rivière-du-Loup,Marquis de Jonquière,159
3L de Rivière-du-Loup,Éperviers de Sorel-Tracy,153
3L de Rivière-du-Loup,Blizzard Cloutier Nord-Sud Trois-Rivières,142
3L de Rivière-du-Loup,Laval Predators,51
3L de Rivière-du-Loup,Saint-François de Sherbrooke,42
3L de Rivière-du-Loup,Lois Jeans de Pont-Rouge,36
3L de Rivière-du-Loup,Cornwall River Kings,30
3L de Rivière-du-Loup,Pétroliers du Nord,26
Éperviers de Sorel-Tracy,3L de Rivière-du-Loup,151
Éperviers de Sorel-Tracy,l’Assurancia de Thetford,139
Éperviers de Sorel-Tracy,Marquis de Jonquière,137
Éperviers de Sorel-Tracy,Blizzard Cloutier Nord-Sud Trois-Rivières,103
Éperviers de Sorel-Tracy,COOL-FM de Saint-Georges,97
Éperviers de Sorel-Tracy,Laval Predators,83
Éperviers de Sorel-Tracy,Cornwall River Kings,67
Éperviers de Sorel-Tracy,Pétroliers du Nord,29
Éperviers de Sorel-Tracy,Saint-François de Sherbrooke,22
Éperviers de Sorel-Tracy,Trois-Rivières Draveurs,20
Cedar Rapids RoughRiders,Green Bay Gamblers,53
Cedar Rapids RoughRiders,Waterloo Black Hawks,43
Cedar Rapids RoughRiders,Chicago Steel,34
Cedar Rapids RoughRiders,Dubuque Fighting Saints,30
Cedar Rapids RoughRiders,Des Moines Buccaneers,26
Cedar Rapids RoughRiders,Indiana Ice,25
Cedar Rapids RoughRiders,Lincoln Stars,24
Cedar Rapids RoughRiders,Muskegon Lumberjacks,20
Cedar Rapids RoughRiders,Sioux Falls Stampede,18
Cedar Rapids RoughRiders,Youngstown Phantoms,14
Chicago Steel,Green Bay Gamblers,68
Chicago Steel,Cedar Rapids RoughRiders,34
Chicago Steel,Indiana Ice,32
Chicago Steel,Muskegon Lumberjacks,31
Chicago Steel,Youngstown Phantoms,30
Chicago Steel,Des Moines Buccaneers,30
Chicago Steel,Lincoln Stars,28
Chicago Steel,Waterloo Black Hawks,23
Chicago Steel,Dubuque Fighting Saints,23
Chicago Steel,Tri-City Storm,20
Des Moines Buccaneers,Lincoln Stars,63
Des Moines Buccaneers,Omaha Lancers,48
Des Moines Buccaneers,Sioux Falls Stampede,43
Des Moines Buccaneers,Green Bay Gamblers,43
Des Moines Buccaneers,Sioux City Musketeers,39
Des Moines Buccaneers,Waterloo Black Hawks,38
Des Moines Buccaneers,Indiana Ice,36
Des Moines Buccaneers,Tri-City Storm,33
Des Moines Buccaneers,Chicago Steel,30
Des Moines Buccaneers,Cedar Rapids RoughRiders,27
Green Bay Gamblers,Chicago Steel,69
Green Bay Gamblers,Cedar Rapids RoughRiders,53
Green Bay Gamblers,Waterloo Black Hawks,45
Green Bay Gamblers,Lincoln Stars,44
Green Bay Gamblers,Des Moines Buccaneers,43
Green Bay Gamblers,Muskegon Lumberjacks,38
Green Bay Gamblers,Dubuque Fighting Saints,38
Green Bay Gamblers,Omaha Lancers,35
Green Bay Gamblers,Indiana Ice,35
Green Bay Gamblers,Youngstown Phantoms,29
Lincoln Stars,Omaha Lancers,115
Lincoln Stars,Sioux City Musketeers,94
Lincoln Stars,Tri-City Storm,84
Lincoln Stars,Des Moines Buccaneers,62
Lincoln Stars,Fargo Force,60
Lincoln Stars,Sioux Falls Stampede,59
Lincoln Stars,Waterloo Black Hawks,49
Lincoln Stars,Green Bay Gamblers,44
Lincoln Stars,Indiana Ice,35
Lincoln Stars,Chicago Steel,29
Omaha Lancers,Lincoln Stars,111
Omaha Lancers,Tri-City Storm,52
Omaha Lancers,Des Moines Buccaneers,47
Omaha Lancers,Sioux Falls Stampede,43
Omaha Lancers,Green Bay Gamblers,34
Omaha Lancers,Sioux City Musketeers,33
Omaha Lancers,Fargo Force,32
Omaha Lancers,Waterloo Black Hawks,20
Omaha Lancers,Chicago Steel,17
Omaha Lancers,Cedar Rapids RoughRiders,11
Sioux City Musketeers,Lincoln Stars,93
Sioux City Musketeers,Sioux Falls Stampede,58
Sioux City Musketeers,Tri-City Storm,53
Sioux City Musketeers,Fargo Force,42
Sioux City Musketeers,Des Moines Buccaneers,39
Sioux City Musketeers,Omaha Lancers,34
Sioux City Musketeers,Waterloo Black Hawks,31
Sioux City Musketeers,Green Bay Gamblers,25
Sioux City Musketeers,Chicago Steel,16
Sioux City Musketeers,Cedar Rapids RoughRiders,13
Sioux Falls Stampede,Lincoln Stars,59
Sioux Falls Stampede,Sioux City Musketeers,58
Sioux Falls Stampede,Omaha Lancers,42
Sioux Falls Stampede,Fargo Force,39
Sioux Falls Stampede,Des Moines Buccaneers,39
Sioux Falls Stampede,Tri-City Storm,36
Sioux Falls Stampede,Waterloo Black Hawks,24
Sioux Falls Stampede,Indiana Ice,19
Sioux Falls Stampede,Chicago Steel,17
Sioux Falls Stampede,Green Bay Gamblers,17
Tri-City Storm,Lincoln Stars,85
Tri-City Storm,Sioux City Musketeers,52
Tri-City Storm,Omaha Lancers,51
Tri-City Storm,Sioux Falls Stampede,37
Tri-City Storm,Des Moines Buccaneers,32
Tri-City Storm,Green Bay Gamblers,24
Tri-City Storm,Waterloo Black Hawks,22
Tri-City Storm,Indiana Ice,20
Tri-City Storm,Chicago Steel,20
Tri-City Storm,Fargo Force,19
Waterloo Black Hawks,Lincoln Stars,46
Waterloo Black Hawks,Green Bay Gamblers,45
Waterloo Black Hawks,Cedar Rapids RoughRiders,44
Waterloo Black Hawks,Des Moines Buccaneers,36
Waterloo Black Hawks,Sioux City Musketeers,29
Waterloo Black Hawks,Fargo Force,25
Waterloo Black Hawks,Sioux Falls Stampede,24
Waterloo Black Hawks,Chicago Steel,23
Waterloo Black Hawks,Dubuque Fighting Saints,23
Waterloo Black Hawks,Tri-City Storm,21
Fargo Force,Lincoln Stars,58
Fargo Force,Sioux City Musketeers,43
Fargo Force,Sioux Falls Stampede,39
Fargo Force,Omaha Lancers,29
Fargo Force,Waterloo Black Hawks,24
Fargo Force,Des Moines Buccaneers,20
Fargo Force,Tri-City Storm,20
Fargo Force,Green Bay Gamblers,15
Fargo Force,Cedar Rapids RoughRiders,10
Fargo Force,Chicago Steel,9
Team USA,Chicago Steel,20
Team USA,Youngstown Phantoms,15
Team USA,Cedar Rapids RoughRiders,11
Team USA,Indiana Ice,10
Team USA,Green Bay Gamblers,9
Team USA,Muskegon Lumberjacks,9
Team USA,Lincoln Stars,6
Team USA,Fargo Force,4
Team USA,Des Moines Buccaneers,4
Team USA,Waterloo Black Hawks,4
Youngstown Phantoms,Muskegon Lumberjacks,38
Youngstown Phantoms,Green Bay Gamblers,31
Youngstown Phantoms,Chicago Steel,29
Youngstown Phantoms,Des Moines Buccaneers,21
Youngstown Phantoms,Indiana Ice,21
Youngstown Phantoms,Dubuque Fighting Saints,18
Youngstown Phantoms,Cedar Rapids RoughRiders,15
Youngstown Phantoms,Team USA,15
Youngstown Phantoms,Lincoln Stars,14
Youngstown Phantoms,Waterloo Black Hawks,14
Dubuque Fighting Saints,Green Bay Gamblers,38
Dubuque Fighting Saints,Cedar Rapids RoughRiders,31
Dubuque Fighting Saints,Waterloo Black Hawks,23
Dubuque Fighting Saints,Chicago Steel,23
Dubuque Fighting Saints,Youngstown Phantoms,18
Dubuque Fighting Saints,Des Moines Buccaneers,18
Dubuque Fighting Saints,Muskegon Lumberjacks,17
Dubuque Fighting Saints,Madison Capitols,12
Dubuque Fighting Saints,Sioux Falls Stampede,10
Dubuque Fighting Saints,Lincoln Stars,10
Muskegon Lumberjacks,Green Bay Gamblers,39
Muskegon Lumberjacks,Youngstown Phantoms,37
Muskegon Lumberjacks,Chicago Steel,31
Muskegon Lumberjacks,Cedar Rapids RoughRiders,26
Muskegon Lumberjacks,Dubuque Fighting Saints,17
Muskegon Lumberjacks,Indiana Ice,17
Muskegon Lumberjacks,Des Moines Buccaneers,15
Muskegon Lumberjacks,Team USA,10
Muskegon Lumberjacks,Madison Capitols,9
Muskegon Lumberjacks,Lincoln Stars,9
Madison Capitols,Green Bay Gamblers,14
Madison Capitols,Dubuque Fighting Saints,12
Madison Capitols,Muskegon Lumberjacks,10
Madison Capitols,Cedar Rapids RoughRiders,6
Madison Capitols,Chicago Steel,6
Madison Capitols,Bloomington Thunder,5
Madison Capitols,Youngstown Phantoms,5
Madison Capitols,Waterloo Black Hawks,3
Madison Capitols,Des Moines Buccaneers,3
Madison Capitols,Tri-City Storm,3
Belfast Giants,Nottingham Panthers,32
Belfast Giants,Cardiff Devils,31
Belfast Giants,Coventry Blaze,28
Belfast Giants,Sheffield Steelers,19
Belfast Giants,Dundee Stars,17
Belfast Giants,Glasgow Clan,14
Belfast Giants,Manchester Storm,12
Belfast Giants,Hull Stingrays,8
Belfast Giants,Fife Flyers,8
Belfast Giants,Edinburgh Capitals,6
Cardiff Devils,Sheffield Steelers,39
Cardiff Devils,Nottingham Panthers,36
Cardiff Devils,Coventry Blaze,34
Cardiff Devils,Belfast Giants,31
Cardiff Devils,Glasgow Clan,16
Cardiff Devils,Hull Stingrays,16
Cardiff Devils,Dundee Stars,11
Cardiff Devils,Manchester Storm,11
Cardiff Devils,Fife Flyers,7
Cardiff Devils,Guildford Flames,7
Coventry Blaze,Nottingham Panthers,50
Coventry Blaze,Cardiff Devils,32
Coventry Blaze,Sheffield Steelers,31
Coventry Blaze,Belfast Giants,29
Coventry Blaze,Hull Stingrays,17
Coventry Blaze,Dundee Stars,11
Coventry Blaze,Manchester Storm,11
Coventry Blaze,Glasgow Clan,11
Coventry Blaze,Fife Flyers,8
Coventry Blaze,Edinburgh Capitals,6
Nottingham Panthers,Sheffield Steelers,51
Nottingham Panthers,Coventry Blaze,49
Nottingham Panthers,Cardiff Devils,35
Nottingham Panthers,Belfast Giants,32
Nottingham Panthers,Dundee Stars,21
Nottingham Panthers,Hull Stingrays,15
Nottingham Panthers,Glasgow Clan,14
Nottingham Panthers,Manchester Storm,12
Nottingham Panthers,Fife Flyers,11
Nottingham Panthers,Edinburgh Capitals,9
Sheffield Steelers,Nottingham Panthers,51
Sheffield Steelers,Cardiff Devils,38
Sheffield Steelers,Coventry Blaze,32
Sheffield Steelers,Belfast Giants,19
Sheffield Steelers,Dundee Stars,17
Sheffield Steelers,Manchester Storm,16
Sheffield Steelers,Hull Stingrays,9
Sheffield Steelers,Fife Flyers,9
Sheffield Steelers,Glasgow Clan,8
Sheffield Steelers,Edinburgh Capitals,5
Glasgow Clan,Dundee Stars,21
Glasgow Clan,Cardiff Devils,17
Glasgow Clan,Fife Flyers,15
Glasgow Clan,Belfast Giants,14
Glasgow Clan,Edinburgh Capitals,14
Glasgow Clan,Nottingham Panthers,13
Glasgow Clan,Manchester Storm,13
Glasgow Clan,Coventry Blaze,9
Glasgow Clan,Sheffield Steelers,8
Glasgow Clan,Hull Stingrays,8
Dundee Stars,Manchester Storm,21
Dundee Stars,Glasgow Clan,21
Dundee Stars,Nottingham Panthers,20
Dundee Stars,Sheffield Steelers,17
Dundee Stars,Belfast Giants,17
Dundee Stars,Edinburgh Capitals,12
Dundee Stars,Coventry Blaze,11
Dundee Stars,Fife Flyers,11
Dundee Stars,Cardiff Devils,11
Dundee Stars,Hull Stingrays,9
Fife Flyers,Edinburgh Capitals,21
Fife Flyers,Glasgow Clan,15
Fife Flyers,Dundee Stars,11
Fife Flyers,Sheffield Steelers,10
Fife Flyers,Nottingham Panthers,9
Fife Flyers,Hull Stingrays,9
Fife Flyers,Manchester Storm,8
Fife Flyers,Cardiff Devils,8
Fife Flyers,Belfast Giants,7
Fife Flyers,Coventry Blaze,6
Manchester Storm,Dundee Stars,20
Manchester Storm,Sheffield Steelers,16
Manchester Storm,Belfast Giants,13
Manchester Storm,Glasgow Clan,13
Manchester Storm,Nottingham Panthers,12
Manchester Storm,Cardiff Devils,12
Manchester Storm,Coventry Blaze,12
Manchester Storm,Milton Keynes Lightning,7
Manchester Storm,Fife Flyers,7
Manchester Storm,Edinburgh Capitals,5
Guildford Flames,Cardiff Devils,7
Guildford Flames,Belfast Giants,6
Guildford Flames,Manchester Storm,4
Guildford Flames,Coventry Blaze,4
Guildford Flames,Glasgow Clan,4
Guildford Flames,Fife Flyers,3
Guildford Flames,Dundee Stars,2
Guildford Flames,Sheffield Steelers,2
Guildford Flames,Milton Keynes Lightning,2
Guildford Flames,Nottingham Panthers,2
Helsinki Jokerit,SKA Saint Petersburg,3
Helsinki Jokerit,HC Spartak Moscow,2
Helsinki Jokerit,Avtomobilist Yekaterinburg,2
Helsinki Jokerit,Lappeenranta SaiPa,2
Helsinki Jokerit,HC CSKA Moscow,2
Helsinki Jokerit,Amur Khabarovsk,2
Helsinki Jokerit,Salavat Yulaev Ufa,1
Helsinki Jokerit,Lokomotiv Yaroslavl,1
Helsinki Jokerit,Torpedo Nizhny Novgorod,1
Helsinki Jokerit,Avangard Omsk,1
Salavat Yulaev Ufa,Lokomotiv Yaroslavl,5
Salavat Yulaev Ufa,Amur Khabarovsk,4
Salavat Yulaev Ufa,HC Red Star Kunlun,4
Salavat Yulaev Ufa,Ak Bars Kazan,4
Salavat Yulaev Ufa,Neftekhimik Nizhnekamsk,3
Salavat Yulaev Ufa,Dinamo Riga,2
Salavat Yulaev Ufa,Avtomobilist Yekaterinburg,2
Salavat Yulaev Ufa,Traktor Chelyabinsk,2
Salavat Yulaev Ufa,HC Sibir Novosibirsk,2
Salavat Yulaev Ufa,HC Lada Togliatti,1
HC Dinamo Minsk,Vityaz Chekhov,6
HC Dinamo Minsk,HC Sibir Novosibirsk,5
HC Dinamo Minsk,Lokomotiv Yaroslavl,4
HC Dinamo Minsk,Torpedo Nizhny Novgorod,4
HC Dinamo Minsk,HC Dynamo Moscow,3
HC Dinamo Minsk,HC CSKA Moscow,3
HC Dinamo Minsk,HC Yugra,3
HC Dinamo Minsk,Ak Bars Kazan,3
HC Dinamo Minsk,Dinamo Riga,2
HC Dinamo Minsk,HC Slovan Bratislava,2
HC Spartak Moscow,HC CSKA Moscow,8
HC Spartak Moscow,HC Dynamo Moscow,4
HC Spartak Moscow,Barys Astana,4
HC Spartak Moscow,HC Dinamo Minsk,2
HC Spartak Moscow,HC Sochi,2
HC Spartak Moscow,HC Sibir Novosibirsk,2
HC Spartak Moscow,SKA Saint Petersburg,2
HC Spartak Moscow,Dinamo Riga,2
HC Spartak Moscow,Lokomotiv Yaroslavl,2
HC Spartak Moscow,Vityaz Chekhov,2
Metallurg Magnitogorsk,Ak Bars Kazan,3
Metallurg Magnitogorsk,HC Sibir Novosibirsk,3
Metallurg Magnitogorsk,Traktor Chelyabinsk,3
Metallurg Magnitogorsk,Vityaz Chekhov,3
Metallurg Magnitogorsk,Neftekhimik Nizhnekamsk,3
Metallurg Magnitogorsk,Lokomotiv Yaroslavl,2
Metallurg Magnitogorsk,HC MVD,2
Metallurg Magnitogorsk,Barys Astana,2
Metallurg Magnitogorsk,Avtomobilist Yekaterinburg,1
Metallurg Magnitogorsk,Medvescak Zagreb,1
Traktor Chelyabinsk,Vityaz Chekhov,8
Traktor Chelyabinsk,Metallurg Magnitogorsk,3
Traktor Chelyabinsk,Lokomotiv Yaroslavl,3
Traktor Chelyabinsk,Admiral Vladivostok,2
Traktor Chelyabinsk,HC Sibir Novosibirsk,2
Traktor Chelyabinsk,Avtomobilist Yekaterinburg,2
Traktor Chelyabinsk,Salavat Yulaev Ufa,2
Traktor Chelyabinsk,Amur Khabarovsk,2
Traktor Chelyabinsk,Atlant Mytishchi,2
Traktor Chelyabinsk,Neftekhimik Nizhnekamsk,2
SKA Saint Petersburg,Vityaz Chekhov,6
SKA Saint Petersburg,Barys Astana,5
SKA Saint Petersburg,Severstal Cherepovets,4
SKA Saint Petersburg,HC CSKA Moscow,4
SKA Saint Petersburg,Neftekhimik Nizhnekamsk,3
SKA Saint Petersburg,Helsinki Jokerit,3
SKA Saint Petersburg,HC Dynamo Moscow,2
SKA Saint Petersburg,HC Dinamo Minsk,2
SKA Saint Petersburg,Torpedo Nizhny Novgorod,2
SKA Saint Petersburg,HC Spartak Moscow,2
HC CSKA Moscow,HC Spartak Moscow,8
HC CSKA Moscow,Medvescak Zagreb,6
HC CSKA Moscow,HC Dynamo Moscow,5
HC CSKA Moscow,Vityaz Chekhov,5
HC CSKA Moscow,SKA Saint Petersburg,4
HC CSKA Moscow,Torpedo Nizhny Novgorod,4
HC CSKA Moscow,HC Dinamo Minsk,3
HC CSKA Moscow,HC Sochi,3
HC CSKA Moscow,Severstal Cherepovets,3
HC CSKA Moscow,HC Yugra,2
Avangard Omsk,HC Sochi,5
Avangard Omsk,Neftekhimik Nizhnekamsk,5
Avangard Omsk,Vityaz Chekhov,4
Avangard Omsk,Barys Astana,4
Avangard Omsk,Amur Khabarovsk,3
Avangard Omsk,Atlant Mytishchi,2
Avangard Omsk,HC Dynamo Moscow,2
Avangard Omsk,HC Sibir Novosibirsk,2
Avangard Omsk,Ak Bars Kazan,2
Avangard Omsk,Lokomotiv Yaroslavl,2
Lokomotiv Yaroslavl,Salavat Yulaev Ufa,5
Lokomotiv Yaroslavl,Vityaz Chekhov,4
Lokomotiv Yaroslavl,HC Dinamo Minsk,4
Lokomotiv Yaroslavl,Torpedo Nizhny Novgorod,3
Lokomotiv Yaroslavl,HC Spartak Moscow,3
Lokomotiv Yaroslavl,Barys Astana,2
Lokomotiv Yaroslavl,Metallurg Novokuznetsk,2
Lokomotiv Yaroslavl,Metallurg Magnitogorsk,2
Lokomotiv Yaroslavl,Avtomobilist Yekaterinburg,1
Lokomotiv Yaroslavl,Avangard Omsk,1
Amur Khabarovsk,HC Sibir Novosibirsk,5
Amur Khabarovsk,Vityaz Chekhov,4
Amur Khabarovsk,Salavat Yulaev Ufa,4
Amur Khabarovsk,Metallurg Novokuznetsk,3
Amur Khabarovsk,Avangard Omsk,3
Amur Khabarovsk,Dinamo Riga,3
Amur Khabarovsk,Torpedo Nizhny Novgorod,3
Amur Khabarovsk,Helsinki Jokerit,2
Amur Khabarovsk,HC Yugra,2
Amur Khabarovsk,Traktor Chelyabinsk,2
Dinamo Riga,HC Sibir Novosibirsk,6
Dinamo Riga,Ak Bars Kazan,5
Dinamo Riga,HC Dynamo Moscow,4
Dinamo Riga,Vityaz Chekhov,3
Dinamo Riga,Amur Khabarovsk,3
Dinamo Riga,Severstal Cherepovets,3
Dinamo Riga,HC Sochi,3
Dinamo Riga,Torpedo Nizhny Novgorod,3
Dinamo Riga,HC Yugra,2
Dinamo Riga,Salavat Yulaev Ufa,2
Ak Bars Kazan,Salavat Yulaev Ufa,5
Ak Bars Kazan,Vityaz Chekhov,5
Ak Bars Kazan,Dinamo Riga,4
Ak Bars Kazan,HC Sibir Novosibirsk,4
Ak Bars Kazan,Barys Astana,4
Ak Bars Kazan,Metallurg Magnitogorsk,3
Ak Bars Kazan,Avtomobilist Yekaterinburg,3
Ak Bars Kazan,HC Dinamo Minsk,3
Ak Bars Kazan,HC Red Star Kunlun,2
Ak Bars Kazan,HC CSKA Moscow,2
Barys Astana,HC Sibir Novosibirsk,9
Barys Astana,Vityaz Chekhov,7
Barys Astana,SKA Saint Petersburg,7
Barys Astana,Avangard Omsk,6
Barys Astana,Medvescak Zagreb,5
Barys Astana,Ak Bars Kazan,4
Barys Astana,HC Spartak Moscow,3
Barys Astana,HC Red Star Kunlun,3
Barys Astana,Severstal Cherepovets,3
Barys Astana,Metallurg Magnitogorsk,2
Torpedo Nizhny Novgorod,Amur Khabarovsk,5
Torpedo Nizhny Novgorod,HC Dinamo Minsk,4
Torpedo Nizhny Novgorod,HC CSKA Moscow,4
Torpedo Nizhny Novgorod,HC Red Star Kunlun,3
Torpedo Nizhny Novgorod,HC Sibir Novosibirsk,3
Torpedo Nizhny Novgorod,Vityaz Chekhov,3
Torpedo Nizhny Novgorod,Lokomotiv Yaroslavl,3
Torpedo Nizhny Novgorod,Dinamo Riga,3
Torpedo Nizhny Novgorod,SKA Saint Petersburg,2
Torpedo Nizhny Novgorod,HC Sochi,2
Neftekhimik Nizhnekamsk,HC Dynamo Moscow,6
Neftekhimik Nizhnekamsk,Avangard Omsk,5
Neftekhimik Nizhnekamsk,Vityaz Chekhov,4
Neftekhimik Nizhnekamsk,Salavat Yulaev Ufa,3
Neftekhimik Nizhnekamsk,Metallurg Magnitogorsk,3
Neftekhimik Nizhnekamsk,SKA Saint Petersburg,3
Neftekhimik Nizhnekamsk,HC Sibir Novosibirsk,2
Neftekhimik Nizhnekamsk,Traktor Chelyabinsk,2
Neftekhimik Nizhnekamsk,HC Yugra,2
Neftekhimik Nizhnekamsk,Dinamo Riga,2
Avtomobilist Yekaterinburg,Ak Bars Kazan,3
Avtomobilist Yekaterinburg,HC Dynamo Moscow,2
Avtomobilist Yekaterinburg,Helsinki Jokerit,2
Avtomobilist Yekaterinburg,Traktor Chelyabinsk,1
Avtomobilist Yekaterinburg,Metallurg Magnitogorsk,1
Avtomobilist Yekaterinburg,Dinamo Riga,1
Avtomobilist Yekaterinburg,HC CSKA Moscow,1
Avtomobilist Yekaterinburg,Salavat Yulaev Ufa,1
Avtomobilist Yekaterinburg,HC Dinamo Minsk,1
Avtomobilist Yekaterinburg,Lokomotiv Yaroslavl,1
HC Dynamo Moscow,Neftekhimik Nizhnekamsk,6
HC Dynamo Moscow,HC CSKA Moscow,5
HC Dynamo Moscow,HC Spartak Moscow,4
HC Dynamo Moscow,Dinamo Riga,4
HC Dynamo Moscow,HC Dinamo Minsk,3
HC Dynamo Moscow,Torpedo Nizhny Novgorod,3
HC Dynamo Moscow,Avtomobilist Yekaterinburg,2
HC Dynamo Moscow,Avangard Omsk,2
HC Dynamo Moscow,HC Sibir Novosibirsk,2
HC Dynamo Moscow,HC Yugra,2
HC Sochi,Avangard Omsk,5
HC Sochi,HC Slovan Bratislava,3
HC Sochi,Dinamo Riga,3
HC Sochi,Vityaz Chekhov,3
HC Sochi,HC CSKA Moscow,3
HC Sochi,Torpedo Nizhny Novgorod,2
HC Sochi,HC Sibir Novosibirsk,2
HC Sochi,HC Spartak Moscow,2
HC Sochi,Admiral Vladivostok,2
HC Sochi,HC Dinamo Minsk,1
HC Red Star Kunlun,Salavat Yulaev Ufa,4
HC Red Star Kunlun,Torpedo Nizhny Novgorod,4
HC Red Star Kunlun,Barys Astana,3
HC Red Star Kunlun,Ak Bars Kazan,2
HC Red Star Kunlun,Dinamo Riga,2
HC Red Star Kunlun,HC Dinamo Minsk,1
HC Red Star Kunlun,Amur Khabarovsk,1
HC Red Star Kunlun,Avangard Omsk,1
HC Red Star Kunlun,Helsinki Jokerit,1
HC Red Star Kunlun,Neftekhimik Nizhnekamsk,1
Admiral Vladivostok,Traktor Chelyabinsk,2
Admiral Vladivostok,Severstal Cherepovets,2
Admiral Vladivostok,Dinamo Riga,2
Admiral Vladivostok,Amur Khabarovsk,2
Admiral Vladivostok,HC Sochi,2
Admiral Vladivostok,HC Yugra,1
Admiral Vladivostok,HC Dinamo Minsk,1
Admiral Vladivostok,Avtomobilist Yekaterinburg,1
Admiral Vladivostok,Avangard Omsk,1
Admiral Vladivostok,Vityaz Chekhov,1
Severstal Cherepovets,Metallurg Novokuznetsk,4
Severstal Cherepovets,SKA Saint Petersburg,4
Severstal Cherepovets,HC CSKA Moscow,3
Severstal Cherepovets,Barys Astana,3
Severstal Cherepovets,Dinamo Riga,3
Severstal Cherepovets,HC Donbass,2
Severstal Cherepovets,Admiral Vladivostok,2
Severstal Cherepovets,HC Yugra,2
Severstal Cherepovets,Medvescak Zagreb,2
Severstal Cherepovets,HC Lada Togliatti,1
HC Sibir Novosibirsk,Barys Astana,9
HC Sibir Novosibirsk,Dinamo Riga,5
HC Sibir Novosibirsk,HC Dinamo Minsk,4
HC Sibir Novosibirsk,Vityaz Chekhov,4
HC Sibir Novosibirsk,Ak Bars Kazan,4
HC Sibir Novosibirsk,Amur Khabarovsk,4
HC Sibir Novosibirsk,Torpedo Nizhny Novgorod,4
HC Sibir Novosibirsk,Metallurg Novokuznetsk,3
HC Sibir Novosibirsk,Metallurg Magnitogorsk,2
HC Sibir Novosibirsk,HC Dynamo Moscow,2
Vityaz Chekhov,Avangard Omsk,10
Vityaz Chekhov,HC Dinamo Minsk,10
Vityaz Chekhov,Traktor Chelyabinsk,10
Vityaz Chekhov,HC CSKA Moscow,8
Vityaz Chekhov,Dinamo Riga,8
Vityaz Chekhov,Ak Bars Kazan,7
Vityaz Chekhov,Barys Astana,7
Vityaz Chekhov,Atlant Mytishchi,6
Vityaz Chekhov,SKA Saint Petersburg,6
Vityaz Chekhov,Lokomotiv Yaroslavl,5
Watertown Wolves,Danville Dashers,33
Watertown Wolves,Berkshire Battalion,32
Watertown Wolves,Port Huron Prowlers,24
Watertown Wolves,Carolina Thunderbirds,24
Watertown Wolves,Delaware Thunder,21
Watertown Wolves,Danbury Whalers,18
Watertown Wolves,Binghamton Black Bears,14
Watertown Wolves,Cornwall Nationals,14
Watertown Wolves,Mentor Ice Breakers,14
Watertown Wolves,Elmira Enforcers,14
Port Huron Prowlers,Columbus River Dragons,46
Port Huron Prowlers,Danville Dashers,43
Port Huron Prowlers,Carolina Thunderbirds,38
Port Huron Prowlers,Watertown Wolves,23
Port Huron Prowlers,Elmira Enforcers,21
Port Huron Prowlers,Dayton Demolition,17
Port Huron Prowlers,St. Clair Shores Fighting Saints,16
Port Huron Prowlers,Berlin River Drivers,15
Port Huron Prowlers,Danbury Titans,13
Port Huron Prowlers,Mentor Ice Breakers,13
Carolina Thunderbirds,Port Huron Prowlers,41
Carolina Thunderbirds,Danville Dashers,38
Carolina Thunderbirds,Mentor Ice Breakers,32
Carolina Thunderbirds,Columbus River Dragons,27
Carolina Thunderbirds,Watertown Wolves,25
Carolina Thunderbirds,Elmira Enforcers,14
Carolina Thunderbirds,Danbury Hat Tricks,14
Carolina Thunderbirds,North Shore Knights,9
Carolina Thunderbirds,Delaware Thunder,7
Carolina Thunderbirds,Battle Creek Rumble Bees,6
Aberdeen Wings,Minot Minotauros,31
Aberdeen Wings,Austin Bruins,29
Aberdeen Wings,Bismarck Bobcats,25
Aberdeen Wings,Brookings Blizzard,24
Aberdeen Wings,Coulee Region Chill,10
Aberdeen Wings,Minnesota Wilderness,8
Aberdeen Wings,Minnesota Magicians,7
Aberdeen Wings,St. Cloud Norsemen,3
Aberdeen Wings,Owatonna Express,3
Aberdeen Wings,Chippewa Steel,3
Austin Bruins,Minot Minotauros,48
Austin Bruins,Brookings Blizzard,42
Austin Bruins,Bismarck Bobcats,33
Austin Bruins,Aberdeen Wings,30
Austin Bruins,Coulee Region Chill,24
Austin Bruins,Owatonna Express,11
Austin Bruins,Minnesota Magicians,9
Austin Bruins,Minnesota Wilderness,9
Austin Bruins,Kenai River Brown Bears,6
Austin Bruins,North Iowa Bulls,5
Bismarck Bobcats,Brookings Blizzard,49
Bismarck Bobcats,Austin Bruins,34
Bismarck Bobcats,Fargo-Moorhead Jets,33
Bismarck Bobcats,Minot Minotauros,32
Bismarck Bobcats,Aberdeen Wings,28
Bismarck Bobcats,Albert Lea Thunder,23
Bismarck Bobcats,North Iowa Outlaws,18
Bismarck Bobcats,Minnesota Blizzard,14
Bismarck Bobcats,Southern Minnesota Express,13
Bismarck Bobcats,Bozeman Icedogs,9
Janesville Jets,Springfield Jr. Blues,21
Janesville Jets,Coulee Region Chill,20
Janesville Jets,Traverse City North Stars,14
Janesville Jets,Chicago Hitmen,12
Janesville Jets,Kenai River Brown Bears,11
Janesville Jets,Port Huron Fighting Falcons,10
Janesville Jets,Fairbanks Ice Dogs,9
Janesville Jets,Chippewa Steel,6
Janesville Jets,St. Louis Bandits,6
Janesville Jets,Motor City Metal Jackets,5
Springfield Jr. Blues,St. Louis Bandits,50
Springfield Jr. Blues,Wichita Falls Wildcats,34
Springfield Jr. Blues,Topeka RoadRunners,32
Springfield Jr. Blues,Texas Tornado,25
Springfield Jr. Blues,Janesville Jets,22
Springfield Jr. Blues,Santa Fe RoadRunners,17
Springfield Jr. Blues,Michigan Warriors,17
Springfield Jr. Blues,North Iowa Outlaws,16
Springfield Jr. Blues,Chicago Hitmen,15
Springfield Jr. Blues,Texarkana Bandits,13
Corpus Christi IceRays,Amarillo Bulls,61
Corpus Christi IceRays,Odessa Jackalopes,59
Corpus Christi IceRays,Texas Tornado,39
Corpus Christi IceRays,Wichita Falls Wildcats,38
Corpus Christi IceRays,Topeka RoadRunners,23
Corpus Christi IceRays,Lone Star Brahmas,19
Corpus Christi IceRays,Shreveport Mudbugs,18
Corpus Christi IceRays,New Mexico Mustangs,17
Corpus Christi IceRays,Rio Grande Valley Killer Bees,15
Corpus Christi IceRays,Fairbanks Ice Dogs,10
Fairbanks Ice Dogs,Kenai River Brown Bears,103
Fairbanks Ice Dogs,Alaska Avalanche,66
Fairbanks Ice Dogs,Wenatchee Wild,51
Fairbanks Ice Dogs,Wichita Falls Wildcats,36
Fairbanks Ice Dogs,Texas Tornado,33
Fairbanks Ice Dogs,Fresno Monsters,18
Fairbanks Ice Dogs,Minnesota Magicians,15
Fairbanks Ice Dogs,Springfield Jr. Blues,10
Fairbanks Ice Dogs,Corpus Christi IceRays,10
Fairbanks Ice Dogs,Santa Fe RoadRunners,9
Kenai River Brown Bears,Fairbanks Ice Dogs,105
Kenai River Brown Bears,Alaska Avalanche,36
Kenai River Brown Bears,Wenatchee Wild,34
Kenai River Brown Bears,Fresno Monsters,18
Kenai River Brown Bears,Wichita Falls Wildcats,14
Kenai River Brown Bears,Minnesota Wilderness,13
Kenai River Brown Bears,Janesville Jets,13
Kenai River Brown Bears,Chippewa Steel,12
Kenai River Brown Bears,Springfield Jr. Blues,10
Kenai River Brown Bears,Topeka RoadRunners,8
Odessa Jackalopes,Corpus Christi IceRays,59
Odessa Jackalopes,Amarillo Bulls,49
Odessa Jackalopes,Lone Star Brahmas,41
Odessa Jackalopes,Wichita Falls Wildcats,30
Odessa Jackalopes,Topeka RoadRunners,19
Odessa Jackalopes,Shreveport Mudbugs,17
Odessa Jackalopes,Texas Tornado,15
Odessa Jackalopes,Rio Grande Valley Killer Bees,11
Odessa Jackalopes,Topeka Pilots,6
Odessa Jackalopes,New Mexico Mustangs,5
Minot Minotauros,Austin Bruins,44
Minot Minotauros,Aberdeen Wings,32
Minot Minotauros,Bismarck Bobcats,31
Minot Minotauros,Brookings Blizzard,30
Minot Minotauros,Minnesota Wilderness,8
Minot Minotauros,St. Cloud Norsemen,7
Minot Minotauros,Wenatchee Wild,5
Minot Minotauros,Coulee Region Chill,5
Minot Minotauros,St. Cloud Blizzard,4
Minot Minotauros,Dawson Creek Rage,3
Johnstown Tomahawks,New Jersey Titans,27
Johnstown Tomahawks,Michigan Warriors,24
Johnstown Tomahawks,Philadelphia Rebels,20
Johnstown Tomahawks,Maryland Black Bears,14
Johnstown Tomahawks,Northeast Generals,12
Johnstown Tomahawks,Soo Eagles,11
Johnstown Tomahawks,Jamestown Ironmen,11
Johnstown Tomahawks,Wilkes-Barre Scranton Knights,10
Johnstown Tomahawks,Port Huron Fighting Falcons,10
Johnstown Tomahawks,Jamestown Rebels,10
Lone Star Brahmas,Odessa Jackalopes,42
Lone Star Brahmas,Corpus Christi IceRays,20
Lone Star Brahmas,Shreveport Mudbugs,20
Lone Star Brahmas,Amarillo Bulls,17
Lone Star Brahmas,Topeka RoadRunners,10
Lone Star Brahmas,Rio Grande Valley Killer Bees,10
Lone Star Brahmas,Wichita Falls Warriors,5
Lone Star Brahmas,Wichita Falls Wildcats,5
Lone Star Brahmas,Topeka Pilots,4
Lone Star Brahmas,New Mexico Ice Wolves,4
Minnesota Magicians,Fairbanks Ice Dogs,15
Minnesota Magicians,Springfield Jr. Blues,12
Minnesota Magicians,Minnesota Wilderness,9
Minnesota Magicians,Austin Bruins,9
Minnesota Magicians,Chippewa Steel,9
Minnesota Magicians,Coulee Region Chill,8
Minnesota Magicians,Aberdeen Wings,7
Minnesota Magicians,Janesville Jets,7
Minnesota Magicians,Kenai River Brown Bears,5
Minnesota Magicians,Brookings Blizzard,2
Minnesota Wilderness,Kenai River Brown Bears,11
Minnesota Wilderness,Aberdeen Wings,9
Minnesota Wilderness,Minot Minotauros,9
Minnesota Wilderness,Minnesota Magicians,9
Minnesota Wilderness,Austin Bruins,8
Minnesota Wilderness,Chippewa Steel,7
Minnesota Wilderness,Coulee Region Chill,6
Minnesota Wilderness,Fairbanks Ice Dogs,6
Minnesota Wilderness,Bismarck Bobcats,5
Minnesota Wilderness,Janesville Jets,4
New Jersey Titans,Johnstown Tomahawks,30
New Jersey Titans,Wilkes-Barre Scranton Knights,14
New Jersey Titans,Maryland Black Bears,13
New Jersey Titans,Jamestown Rebels,12
New Jersey Titans,Northeast Generals,9
New Jersey Titans,Philadelphia Rebels,8
New Jersey Titans,Maine Nordiques,4
New Jersey Titans,Danbury Jr. Hat Tricks,4
New Jersey Titans,Fairbanks Ice Dogs,3
New Jersey Titans,Kenai River Brown Bears,2
Shreveport Mudbugs,Lone Star Brahmas,20
Shreveport Mudbugs,Odessa Jackalopes,17
Shreveport Mudbugs,Corpus Christi IceRays,16
Shreveport Mudbugs,Amarillo Bulls,13
Shreveport Mudbugs,Kenai River Brown Bears,6
Shreveport Mudbugs,New Mexico Ice Wolves,5
Shreveport Mudbugs,Topeka RoadRunners,4
Shreveport Mudbugs,Amarillo Wranglers,3
Shreveport Mudbugs,Wichita Falls Warriors,3
Shreveport Mudbugs,Wichita Falls Wildcats,2
Northeast Generals,Johnstown Tomahawks,13
Northeast Generals,Wilkes-Barre Scranton Knights,8
Northeast Generals,Maryland Black Bears,8
Northeast Generals,Maine Nordiques,8
Northeast Generals,New Jersey Titans,8
Northeast Generals,Jamestown Rebels,7
Northeast Generals,Danbury Jr. Hat Tricks,5
Northeast Generals,Philadelphia Rebels,5
Northeast Generals,Fairbanks Ice Dogs,3
Northeast Generals,Kenai River Brown Bears,3
Chippewa Steel,Kenai River Brown Bears,10
Chippewa Steel,Janesville Jets,9
Chippewa Steel,Minnesota Magicians,8
Chippewa Steel,Fairbanks Ice Dogs,7
Chippewa Steel,Minnesota Wilderness,7
Chippewa Steel,Springfield Jr. Blues,4
Chippewa Steel,Aberdeen Wings,3
Chippewa Steel,Anchorage Wolverines,1
Maryland Black Bears,New Jersey Titans,14
Maryland Black Bears,Johnstown Tomahawks,13
Maryland Black Bears,Danbury Jr. Hat Tricks,9
Maryland Black Bears,Jamestown Rebels,9
Maryland Black Bears,Northeast Generals,8
Maryland Black Bears,Wilkes-Barre Scranton Knights,4
Jamestown Rebels,New Jersey Titans,12
Jamestown Rebels,Johnstown Tomahawks,10
Jamestown Rebels,Maryland Black Bears,9
Jamestown Rebels,Northeast Generals,7
Jamestown Rebels,Maine Nordiques,5
Jamestown Rebels,Wilkes-Barre Scranton Knights,3
Jamestown Rebels,Danbury Jr. Hat Tricks,3
